controller,scenario,n,metric,mean,std,median,ci95_low,ci95_high
B0,S0,5,frequency_rmse_hz,0.4531547705448934,0.0,0.4531547705448934,0.4531547705448934,0.4531547705448934
B0,S0,5,voltage_rmse_v,1.93388987044164,2.2584051416334807e-16,1.9338898704416403,1.93388987044164,1.93388987044164
B0,S0,5,sharing_error,0.07396767379343057,2.823006427041851e-17,0.0739676737934306,0.07396767379343057,0.07396767379343057
B0,S0,5,safe_trial,0.0,0.0,0.0,0.0,0.0
B0,S0,5,attack_induced_rmse_delta_hz,0.0,0.0,0.0,0.0,0.0
B0,S0,5,attack_induced_peak_delta_hz,0.0,0.0,0.0,0.0,0.0
B0,S0,5,counterfactual_max_freq_difference_hz,0.0,0.0,0.0,0.0,0.0
B0,S0,5,counterfactual_iafd_hz_s,0.0,0.0,0.0,0.0,0.0
B0,S0,5,detection_delay_s,0.0,0.0,0.0,0.0,0.0
B0,S0,5,readmission_delay_s,0.0,0.0,0.0,0.0,0.0
B0,S0,5,false_isolation_rate,0.0,0.0,0.0,0.0,0.0
B0,S0,5,trust_separation,0.0,0.0,0.0,0.0,0.0
B0,S0,5,packets,0.0,0.0,0.0,0.0,0.0
B0,S0,5,update_time_ms,0.24664694983479865,0.01872577044664383,0.24043300494992248,0.240853087516273,0.2537468131354652
B0,S1,5,frequency_rmse_hz,0.4531547705448934,0.0,0.4531547705448934,0.4531547705448934,0.4531547705448934
B0,S1,5,voltage_rmse_v,1.93388987044164,2.2584051416334807e-16,1.9338898704416403,1.93388987044164,1.93388987044164
B0,S1,5,sharing_error,0.07396767379343057,2.823006427041851e-17,0.0739676737934306,0.07396767379343057,0.07396767379343057
B0,S1,5,safe_trial,0.0,0.0,0.0,0.0,0.0
B0,S1,5,attack_induced_rmse_delta_hz,0.0,0.0,0.0,0.0,0.0
B0,S1,5,attack_induced_peak_delta_hz,0.0,0.0,0.0,0.0,0.0
B0,S1,5,counterfactual_max_freq_difference_hz,0.0,0.0,0.0,0.0,0.0
B0,S1,5,counterfactual_iafd_hz_s,0.0,0.0,0.0,0.0,0.0
B0,S1,5,detection_delay_s,15.0,0.0,15.0,15.0,15.0
B0,S1,5,readmission_delay_s,0.0,0.0,0.0,0.0,0.0
B0,S1,5,false_isolation_rate,0.0,0.0,0.0,0.0,0.0
B0,S1,5,trust_separation,0.0,0.0,0.0,0.0,0.0
B0,S1,5,packets,0.0,0.0,0.0,0.0,0.0
B0,S1,5,update_time_ms,0.24331945874605074,0.017146445269367375,0.2361588415844902,0.2376735962539377,0.24947397651834288
B0,S2,5,frequency_rmse_hz,0.4310175357114718,5.646012854083702e-17,0.4310175357114717,0.4310175357114718,0.4310175357114718
B0,S2,5,voltage_rmse_v,1.93388987044164,2.2584051416334807e-16,1.9338898704416403,1.93388987044164,1.93388987044164
B0,S2,5,sharing_error,0.07417920078047793,2.823006427041851e-17,0.0741792007804779,0.07417920078047793,0.07417920078047793
B0,S2,5,safe_trial,0.0,0.0,0.0,0.0,0.0
B0,S2,5,attack_induced_rmse_delta_hz,0.0,0.0,0.0,0.0,0.0
B0,S2,5,attack_induced_peak_delta_hz,0.0,0.0,0.0,0.0,0.0
B0,S2,5,counterfactual_max_freq_difference_hz,0.0,0.0,0.0,0.0,0.0
B0,S2,5,counterfactual_iafd_hz_s,0.0,0.0,0.0,0.0,0.0
B0,S2,5,detection_delay_s,16.0,0.0,16.0,16.0,16.0
B0,S2,5,readmission_delay_s,0.0,0.0,0.0,0.0,0.0
B0,S2,5,false_isolation_rate,0.0,0.0,0.0,0.0,0.0
B0,S2,5,trust_separation,0.0,0.0,0.0,0.0,0.0
B0,S2,5,packets,0.0,0.0,0.0,0.0,0.0
B0,S2,5,update_time_ms,0.26049915544576724,0.01594887774651074,0.25429880692946866,0.2550370930037976,0.2662592756109503
B0,S3,5,frequency_rmse_hz,0.4531547705448934,0.0,0.4531547705448934,0.4531547705448934,0.4531547705448934
B0,S3,5,voltage_rmse_v,1.9338898704416403,2.2584051416334807e-16,1.9338898704416405,1.9338898704416403,1.9338898704416403
B0,S3,5,sharing_error,0.07396767379343068,0.0,0.07396767379343068,0.07396767379343068,0.07396767379343068
B0,S3,5,safe_trial,0.0,0.0,0.0,0.0,0.0
B0,S3,5,attack_induced_rmse_delta_hz,0.0,0.0,0.0,0.0,0.0
B0,S3,5,attack_induced_peak_delta_hz,0.0,0.0,0.0,0.0,0.0
B0,S3,5,counterfactual_max_freq_difference_hz,0.0,0.0,0.0,0.0,0.0
B0,S3,5,counterfactual_iafd_hz_s,0.0,0.0,0.0,0.0,0.0
B0,S3,5,detection_delay_s,15.0,0.0,15.0,15.0,15.0
B0,S3,5,readmission_delay_s,0.0,0.0,0.0,0.0,0.0
B0,S3,5,false_isolation_rate,0.0,0.0,0.0,0.0,0.0
B0,S3,5,trust_separation,0.0,0.0,0.0,0.0,0.0
B0,S3,5,packets,0.0,0.0,0.0,0.0,0.0
B0,S3,5,update_time_ms,0.238548075577176,0.014534968951864628,0.23833965346426284,0.23358783202929517,0.24455555143606975
B0,S4,5,frequency_rmse_hz,0.4531547705448934,0.0,0.4531547705448934,0.4531547705448934,0.4531547705448934
B0,S4,5,voltage_rmse_v,1.93388987044164,2.2584051416334807e-16,1.9338898704416403,1.93388987044164,1.93388987044164
B0,S4,5,sharing_error,0.07396767379343057,2.823006427041851e-17,0.0739676737934306,0.07396767379343057,0.07396767379343057
B0,S4,5,safe_trial,0.0,0.0,0.0,0.0,0.0
B0,S4,5,attack_induced_rmse_delta_hz,0.0,0.0,0.0,0.0,0.0
B0,S4,5,attack_induced_peak_delta_hz,0.0,0.0,0.0,0.0,0.0
B0,S4,5,counterfactual_max_freq_difference_hz,0.0,0.0,0.0,0.0,0.0
B0,S4,5,counterfactual_iafd_hz_s,0.0,0.0,0.0,0.0,0.0
B0,S4,5,detection_delay_s,0.0,0.0,0.0,0.0,0.0
B0,S4,5,readmission_delay_s,0.0,0.0,0.0,0.0,0.0
B0,S4,5,false_isolation_rate,0.0,0.0,0.0,0.0,0.0
B0,S4,5,trust_separation,0.0,0.0,0.0,0.0,0.0
B0,S4,5,packets,0.0,0.0,0.0,0.0,0.0
B0,S4,5,update_time_ms,0.24964814686415407,0.02295413861126224,0.24428600990051,0.24235948607181146,0.2580336985964676
B0,S5,5,frequency_rmse_hz,0.4531547705448934,0.0,0.4531547705448934,0.4531547705448934,0.4531547705448934
B0,S5,5,voltage_rmse_v,1.93388987044164,2.2584051416334807e-16,1.9338898704416403,1.93388987044164,1.93388987044164
B0,S5,5,sharing_error,0.07396767379343057,2.823006427041851e-17,0.0739676737934306,0.07396767379343057,0.07396767379343057
B0,S5,5,safe_trial,0.0,0.0,0.0,0.0,0.0
B0,S5,5,attack_induced_rmse_delta_hz,0.0,0.0,0.0,0.0,0.0
B0,S5,5,attack_induced_peak_delta_hz,0.0,0.0,0.0,0.0,0.0
B0,S5,5,counterfactual_max_freq_difference_hz,0.0,0.0,0.0,0.0,0.0
B0,S5,5,counterfactual_iafd_hz_s,0.0,0.0,0.0,0.0,0.0
B0,S5,5,detection_delay_s,15.0,0.0,15.0,15.0,15.0
B0,S5,5,readmission_delay_s,0.0,0.0,0.0,0.0,0.0
B0,S5,5,false_isolation_rate,0.0,0.0,0.0,0.0,0.0
B0,S5,5,trust_separation,0.0,0.0,0.0,0.0,0.0
B0,S5,5,packets,0.0,0.0,0.0,0.0,0.0
B0,S5,5,update_time_ms,0.2483347029706552,0.031078302601098656,0.2376007029699106,0.23912773854851854,0.2594040943402038
B0,S6,5,frequency_rmse_hz,0.4310175357114718,5.646012854083702e-17,0.4310175357114717,0.4310175357114718,0.4310175357114718
B0,S6,5,voltage_rmse_v,1.93388987044164,2.2584051416334807e-16,1.9338898704416403,1.93388987044164,1.93388987044164
B0,S6,5,sharing_error,0.07417920078047793,2.823006427041851e-17,0.0741792007804779,0.07417920078047793,0.07417920078047793
B0,S6,5,safe_trial,0.0,0.0,0.0,0.0,0.0
B0,S6,5,attack_induced_rmse_delta_hz,0.0,0.0,0.0,0.0,0.0
B0,S6,5,attack_induced_peak_delta_hz,0.0,0.0,0.0,0.0,0.0
B0,S6,5,counterfactual_max_freq_difference_hz,0.0,0.0,0.0,0.0,0.0
B0,S6,5,counterfactual_iafd_hz_s,0.0,0.0,0.0,0.0,0.0
B0,S6,5,detection_delay_s,16.0,0.0,16.0,16.0,16.0
B0,S6,5,readmission_delay_s,0.0,0.0,0.0,0.0,0.0
B0,S6,5,false_isolation_rate,0.0,0.0,0.0,0.0,0.0
B0,S6,5,trust_separation,0.0,0.0,0.0,0.0,0.0
B0,S6,5,packets,0.0,0.0,0.0,0.0,0.0
B0,S6,5,update_time_ms,0.2599254102317813,0.024978232929539344,0.2527035445553446,0.2530220068248538,0.27117614698910664
B0,S7,5,frequency_rmse_hz,0.4310175357114718,5.646012854083702e-17,0.4310175357114717,0.4310175357114718,0.4310175357114718
B0,S7,5,voltage_rmse_v,1.93388987044164,2.2584051416334807e-16,1.9338898704416403,1.93388987044164,1.93388987044164
B0,S7,5,sharing_error,0.07417920078047793,2.823006427041851e-17,0.0741792007804779,0.07417920078047793,0.07417920078047793
B0,S7,5,safe_trial,0.0,0.0,0.0,0.0,0.0
B0,S7,5,attack_induced_rmse_delta_hz,0.0,0.0,0.0,0.0,0.0
B0,S7,5,attack_induced_peak_delta_hz,0.0,0.0,0.0,0.0,0.0
B0,S7,5,counterfactual_max_freq_difference_hz,0.0,0.0,0.0,0.0,0.0
B0,S7,5,counterfactual_iafd_hz_s,0.0,0.0,0.0,0.0,0.0
B0,S7,5,detection_delay_s,16.0,0.0,16.0,16.0,16.0
B0,S7,5,readmission_delay_s,0.0,0.0,0.0,0.0,0.0
B0,S7,5,false_isolation_rate,0.0,0.0,0.0,0.0,0.0
B0,S7,5,trust_separation,0.0,0.0,0.0,0.0,0.0
B0,S7,5,packets,0.0,0.0,0.0,0.0,0.0
B0,S7,5,update_time_ms,0.2574286297035707,0.0141805003423461,0.2537930198007479,0.2531289170301369,0.26302253604018255
B1,S0,5,frequency_rmse_hz,0.18823963474225994,4.3383530026198307e-05,0.1882391551336011,0.18822388741176638,0.18825402780849243
B1,S0,5,voltage_rmse_v,1.0003927550604774,2.2584051416334807e-16,1.0003927550604772,1.0003927550604774,1.0003927550604774
B1,S0,5,sharing_error,0.060064529219803514,1.3381226846997075e-05,0.06006730785433625,0.060059856233128005,0.060069064770303326
B1,S0,5,safe_trial,1.0,0.0,1.0,1.0,1.0
B1,S0,5,attack_induced_rmse_delta_hz,0.0,0.0,0.0,0.0,0.0
B1,S0,5,attack_induced_peak_delta_hz,0.0,0.0,0.0,0.0,0.0
B1,S0,5,counterfactual_max_freq_difference_hz,0.0,0.0,0.0,0.0,0.0
B1,S0,5,counterfactual_iafd_hz_s,0.0,0.0,0.0,0.0,0.0
B1,S0,5,detection_delay_s,0.0,0.0,0.0,0.0,0.0
B1,S0,5,readmission_delay_s,0.0,0.0,0.0,0.0,0.0
B1,S0,5,false_isolation_rate,0.0,0.0,0.0,0.0,0.0
B1,S0,5,trust_separation,0.0,0.0,0.0,0.0,0.0
B1,S0,5,packets,18180.0,0.0,18180.0,18180.0,18180.0
B1,S0,5,update_time_ms,0.3905187303627688,0.02840443089539316,0.3817479554446337,0.3816642357175755,0.40159277258986004
B1,S1,5,frequency_rmse_hz,0.18380856617355118,0.00044575043184627366,0.18359939401384162,0.18366295074846917,0.18396268843892893
B1,S1,5,voltage_rmse_v,1.0003927550604774,2.2584051416334807e-16,1.0003927550604772,1.0003927550604774,1.0003927550604774
B1,S1,5,sharing_error,0.058694312669901,0.0005009722230600338,0.0584607442182935,0.05852749066430591,0.05889041471107246
B1,S1,5,safe_trial,1.0,0.0,1.0,1.0,1.0
B1,S1,5,attack_induced_rmse_delta_hz,-0.0048423067786531925,0.0004583275914622422,-0.0050641622246504,-0.004992882223548594,-0.004658585879664624
B1,S1,5,attack_induced_peak_delta_hz,-0.0027714221178171666,0.00027649275199997453,-0.0029070162392912,-0.0028620835719403255,-0.0026807034678176618
B1,S1,5,counterfactual_max_freq_difference_hz,0.027179111112934803,0.002645844711801323,0.0284750679800254,0.02630980508864193,0.028047189790074444
B1,S1,5,counterfactual_iafd_hz_s,0.10453260172390343,0.01180712911026379,0.11056347032444369,0.09965808917429933,0.10843236706100962
B1,S1,5,detection_delay_s,15.0,0.0,15.0,15.0,15.0
B1,S1,5,readmission_delay_s,0.0,0.0,0.0,0.0,0.0
B1,S1,5,false_isolation_rate,0.0,0.0,0.0,0.0,0.0
B1,S1,5,trust_separation,0.0,0.0,0.0,0.0,0.0
B1,S1,5,packets,18180.0,0.0,18180.0,18180.0,18180.0
B1,S1,5,update_time_ms,0.39827713597351067,0.022830243401208948,0.3921236732682277,0.3906614641171663,0.40697951478532013
B1,S2,5,frequency_rmse_hz,0.17165172703198953,0.0004828582379083644,0.1714344929157528,0.17148909358679823,0.17184089852025344
B1,S2,5,voltage_rmse_v,1.0003927550604774,2.2584051416334807e-16,1.0003927550604772,1.0003927550604774,1.0003927550604774
B1,S2,5,sharing_error,0.06196985229237198,0.00011283075389415387,0.0619317055110328,0.061932939430722284,0.06201006729692597
B1,S2,5,safe_trial,1.0,0.0,1.0,1.0,1.0
B1,S2,5,attack_induced_rmse_delta_hz,-0.0052545543532522936,0.0004931570580464239,-0.0055074921729507,-0.005415814589289285,-0.005067976841471318
B1,S2,5,attack_induced_peak_delta_hz,-0.002537166383632867,0.0002230633634360961,-0.00258909019159495,-0.002617354248445785,-0.0024565331314007205
B1,S2,5,counterfactual_max_freq_difference_hz,0.03122737594821928,0.003053803644413248,0.03276114436330955,0.03000009312603731,0.03221768676257485
B1,S2,5,counterfactual_iafd_hz_s,0.11356344758518283,0.011902485419534465,0.1197926687965413,0.10912357702838726,0.11780701696105222
B1,S2,5,detection_delay_s,16.0,0.0,16.0,16.0,16.0
B1,S2,5,readmission_delay_s,0.0,0.0,0.0,0.0,0.0
B1,S2,5,false_isolation_rate,0.0,0.0,0.0,0.0,0.0
B1,S2,5,trust_separation,0.0,0.0,0.0,0.0,0.0
B1,S2,5,packets,18180.0,0.0,18180.0,18180.0,18180.0
B1,S2,5,update_time_ms,0.40903389966987025,0.02077801745927697,0.40388768811771125,0.4018802152722142,0.4168088248349715
B1,S3,5,frequency_rmse_hz,0.18899862457194044,0.0027019378948103085,0.1892325092041428,0.18802386891442247,0.18988227829090018
B1,S3,5,voltage_rmse_v,1.0003927550604774,2.2584051416334807e-16,1.0003927550604772,1.0003927550604774,1.0003927550604774
B1,S3,5,sharing_error,0.060215044615605916,0.00012005050108023814,0.06025974971374104,0.060173153335309454,0.06025915478264715
B1,S3,5,safe_trial,1.0,0.0,1.0,1.0,1.0
B1,S3,5,attack_induced_rmse_delta_hz,0.00075898982968045,0.0027056396670803932,0.0009630277952860505,-0.00024114785676887962,0.001706405113039726
B1,S3,5,attack_induced_peak_delta_hz,0.00036531183958982323,0.0014985010168433518,0.0005182843959233296,-0.00019829709112257458,0.0008386152833944082
B1,S3,5,counterfactual_max_freq_difference_hz,0.014017446360201783,0.0056925085816936834,0.017087485603351382,0.011954358315064906,0.015834000466146397
B1,S3,5,counterfactual_iafd_hz_s,0.04957090924969757,0.02004077563927889,0.0604430290293191,0.042201444182276504,0.056496706355095044
B1,S3,5,detection_delay_s,0.20000000000000018,0.0,0.20000000000000018,0.20000000000000018,0.20000000000000018
B1,S3,5,readmission_delay_s,0.0,0.0,0.0,0.0,0.0
B1,S3,5,false_isolation_rate,0.0,0.0,0.0,0.0,0.0
B1,S3,5,trust_separation,0.0,0.0,0.0,0.0,0.0
B1,S3,5,packets,18180.0,0.0,18180.0,18180.0,18180.0
B1,S3,5,update_time_ms,0.4062284864684813,0.04880059711386913,0.39571253465186207,0.39155398814337,0.42521972096531613
B1,S4,5,frequency_rmse_hz,0.1887644603775837,0.0013316530620607699,0.18889877045303285,0.18828309340347846,0.1891967045228675
B1,S4,5,voltage_rmse_v,1.0003927550604774,2.2584051416334807e-16,1.0003927550604772,1.0003927550604774,1.0003927550604774
B1,S4,5,sharing_error,0.06062747528560256,0.000603946692335178,0.060511271853643356,0.06043990709204665,0.060869233806178605
B1,S4,5,safe_trial,1.0,0.0,1.0,1.0,1.0
B1,S4,5,attack_induced_rmse_delta_hz,0.00011358742537925288,0.0013401868445010801,0.00023359467586315,-0.00039430384482909767,0.0005409516798350351
B1,S4,5,attack_induced_peak_delta_hz,2.6657722665608208e-05,0.0007588410842875712,0.00010650311986275,-0.0002741327217785471,0.0002730660523977388
B1,S4,5,counterfactual_max_freq_difference_hz,0.0064189955095810165,0.005317899025962031,0.004980461754378451,0.0048068967352457885,0.008593515046781986
B1,S4,5,counterfactual_iafd_hz_s,0.02021574392181508,0.01840562616333969,0.016647123659065552,0.014757933505551622,0.026993687137738732
B1,S4,5,detection_delay_s,0.0,0.0,0.0,0.0,0.0
B1,S4,5,readmission_delay_s,0.0,0.0,0.0,0.0,0.0
B1,S4,5,false_isolation_rate,0.0,0.0,0.0,0.0,0.0
B1,S4,5,trust_separation,0.0,0.0,0.0,0.0,0.0
B1,S4,5,packets,14107.0,110.70775445537555,14115.0,14071.65,14147.008333333333
B1,S4,5,update_time_ms,0.417705546204569,0.03944336981733946,0.4095953613839378,0.4040984139023727,0.43121779425762113
B1,S5,5,frequency_rmse_hz,0.19867146488326232,0.0011335396547198211,0.19920295526085852,0.19827393460032522,0.19902881461775526
B1,S5,5,voltage_rmse_v,1.0003927550604774,2.2584051416334807e-16,1.0003927550604772,1.0003927550604774,1.0003927550604774
B1,S5,5,sharing_error,0.06125614007411717,0.00041841323280266627,0.06143787770065245,0.061106535563391316,0.0613915959027892
B1,S5,5,safe_trial,1.0,0.0,1.0,1.0,1.0
B1,S5,5,attack_induced_rmse_delta_hz,0.01002059193105785,0.001119056717989227,0.010589359395972602,0.00962696017360007,0.010386749038699473
B1,S5,5,attack_induced_peak_delta_hz,0.0049775489266678605,0.0005182068148371436,0.0052426986931806,0.0047813832101372125,0.005156385346115985
B1,S5,5,counterfactual_max_freq_difference_hz,0.04915559036675859,0.005025688606891969,0.05164704438219655,0.04712663465721431,0.05081032013342643
B1,S5,5,counterfactual_iafd_hz_s,0.18126683105547692,0.020020999269392954,0.19156880521728,0.17443126828738606,0.18788623782198471
B1,S5,5,detection_delay_s,15.0,0.0,15.0,15.0,15.0
B1,S5,5,readmission_delay_s,0.0,0.0,0.0,0.0,0.0
B1,S5,5,false_isolation_rate,0.0,0.0,0.0,0.0,0.0
B1,S5,5,trust_separation,0.0,0.0,0.0,0.0,0.0
B1,S5,5,packets,18180.0,0.0,18180.0,18180.0,18180.0
B1,S5,5,update_time_ms,0.3945295759076964,0.03441300634769276,0.38387995544614417,0.38350852056939344,0.4083865751075786
B1,S6,5,frequency_rmse_hz,0.17703425506952578,4.482607095945413e-05,0.17703306408427355,0.17701874471778567,0.17704897386240606
B1,S6,5,voltage_rmse_v,1.0003927550604774,2.2584051416334807e-16,1.0003927550604772,1.0003927550604774,1.0003927550604774
B1,S6,5,sharing_error,0.06202780768313743,0.00013995141928736256,0.06196555662109805,0.061981488176072554,0.062078745563328014
B1,S6,5,safe_trial,1.0,0.0,1.0,1.0,1.0
B1,S6,5,attack_induced_rmse_delta_hz,0.00012797368428387666,1.6401694131263476e-05,0.00011777715801145,0.0001225864633706141,0.00013339730415030975
B1,S6,5,attack_induced_peak_delta_hz,0.00017500405610224333,1.8067833495120885e-05,0.0001855381503332,0.00016832423033793636,0.00018106887033283493
B1,S6,5,counterfactual_max_freq_difference_hz,0.006909878665042812,0.0016062501607643398,0.0078284137833932,0.006260911122693985,0.007426393953080386
B1,S6,5,counterfactual_iafd_hz_s,0.011684508058299507,0.0022399305547764893,0.01290936560864675,0.010786644751461264,0.012422027656374438
B1,S6,5,detection_delay_s,16.0,0.0,16.0,16.0,16.0
B1,S6,5,readmission_delay_s,0.0,0.0,0.0,0.0,0.0
B1,S6,5,false_isolation_rate,0.0,0.0,0.0,0.0,0.0
B1,S6,5,trust_separation,0.0,0.0,0.0,0.0,0.0
B1,S6,5,packets,18180.0,0.0,18180.0,18180.0,18180.0
B1,S6,5,update_time_ms,0.4058205356435456,0.027027184216359777,0.3960656188133041,0.39677221198861345,0.41674340578361524
B1,S7,5,frequency_rmse_hz,0.5494524843020091,0.000619858417237093,0.5496396246762127,0.5492351633156761,0.5496779870307439
B1,S7,5,voltage_rmse_v,1.0003927550604774,2.2584051416334807e-16,1.0003927550604772,1.0003927550604774,1.0003927550604774
B1,S7,5,sharing_error,0.0793356490838615,0.0004673725903945447,0.079095147352649,0.07916996048866803,0.0795030440697151
B1,S7,5,safe_trial,0.0,0.0,0.0,0.0,0.0
B1,S7,5,attack_induced_rmse_delta_hz,0.37254620291676704,0.0006301680181909371,0.3726982946432364,0.37234774883179594,0.3727589761244402
B1,S7,5,attack_induced_peak_delta_hz,0.18481799819547523,1.9208409504615425e-05,0.18481767386268538,0.18481139756412454,0.18482511634100673
B1,S7,5,counterfactual_max_freq_difference_hz,1.182345246807072,0.00533633035079943,1.186458564527367,1.180541743971072,1.1842042936442274
B1,S7,5,counterfactual_iafd_hz_s,4.617807016327059,0.015107450964096642,4.618179229220656,4.612401452112333,4.623178656059562
B1,S7,5,detection_delay_s,16.0,0.0,16.0,16.0,16.0
B1,S7,5,readmission_delay_s,0.0,0.0,0.0,0.0,0.0
B1,S7,5,false_isolation_rate,0.0,0.0,0.0,0.0,0.0
B1,S7,5,trust_separation,0.0,0.0,0.0,0.0,0.0
B1,S7,5,packets,18180.0,0.0,18180.0,18180.0,18180.0
B1,S7,5,update_time_ms,0.4272188937296833,0.0360484681296608,0.41217830197872374,0.41448996413422157,0.43917479218693123
B2,S0,5,frequency_rmse_hz,0.18425295690956248,5.720779112995743e-05,0.1842437739032441,0.18423417403894016,0.1842732169333084
B2,S0,5,voltage_rmse_v,1.0003927550604774,2.2584051416334807e-16,1.0003927550604772,1.0003927550604774,1.0003927550604774
B2,S0,5,sharing_error,0.048919959556887625,4.615248869755547e-05,0.04891826789370815,0.04890423690750851,0.04893661342971293
B2,S0,5,safe_trial,1.0,0.0,1.0,1.0,1.0
B2,S0,5,attack_induced_rmse_delta_hz,0.0,0.0,0.0,0.0,0.0
B2,S0,5,attack_induced_peak_delta_hz,0.0,0.0,0.0,0.0,0.0
B2,S0,5,counterfactual_max_freq_difference_hz,0.0,0.0,0.0,0.0,0.0
B2,S0,5,counterfactual_iafd_hz_s,0.0,0.0,0.0,0.0,0.0
B2,S0,5,detection_delay_s,0.0,0.0,0.0,0.0,0.0
B2,S0,5,readmission_delay_s,0.0,0.0,0.0,0.0,0.0
B2,S0,5,false_isolation_rate,0.0,0.0,0.0,0.0,0.0
B2,S0,5,trust_separation,0.0,0.0,0.0,0.0,0.0
B2,S0,5,packets,1818.0,0.0,1818.0,1818.0,1818.0
B2,S0,5,update_time_ms,0.3993817122109519,0.042251393825401544,0.39181011385999853,0.385705353580577,0.41597578790416345
B2,S1,5,frequency_rmse_hz,0.17923026167863215,0.0007652489693144751,0.1796029427608904,0.1789781253626971,0.17948239515645747
B2,S1,5,voltage_rmse_v,1.0003927550604774,2.2584051416334807e-16,1.0003927550604772,1.0003927550604774,1.0003927550604774
B2,S1,5,sharing_error,0.05392582967792946,0.0005278749505851451,0.0541729269831184,0.05374632126461021,0.05409968461902104
B2,S1,5,safe_trial,1.0,0.0,1.0,1.0,1.0
B2,S1,5,attack_induced_rmse_delta_hz,-0.0050225032680390105,0.0007805975084442734,-0.0046514660246653,-0.005288690253675115,-0.004762532902942942
B2,S1,5,attack_induced_peak_delta_hz,-0.015890340746407775,0.00012433942773043652,-0.0159130418838522,-0.01593212892242306,-0.015844698118916728
B2,S1,5,counterfactual_max_freq_difference_hz,0.33328348027164645,0.010310172395719866,0.3381157906639025,0.32984382094523423,0.33661777408454036
B2,S1,5,counterfactual_iafd_hz_s,0.692631432025113,0.020900828174801305,0.7019172045637807,0.6841009704012033,0.6993681878463458
B2,S1,5,detection_delay_s,15.0,0.0,15.0,15.0,15.0
B2,S1,5,readmission_delay_s,0.0,0.0,0.0,0.0,0.0
B2,S1,5,false_isolation_rate,0.0,0.0,0.0,0.0,0.0
B2,S1,5,trust_separation,0.0,0.0,0.0,0.0,0.0
B2,S1,5,packets,1818.0,0.0,1818.0,1818.0,1818.0
B2,S1,5,update_time_ms,0.39045748646875605,0.018134808356689555,0.39050201485224534,0.3838759602641334,0.3964069577309466
B2,S2,5,frequency_rmse_hz,0.16680970694891437,0.0004973335189823572,0.16704774802487804,0.1666104262678995,0.16696355569283428
B2,S2,5,voltage_rmse_v,1.0003927550604774,2.2584051416334807e-16,1.0003927550604772,1.0003927550604774,1.0003927550604774
B2,S2,5,sharing_error,0.05204628686029889,0.00047109869262345553,0.052259010016921,0.051883879080530736,0.05220184509497239
B2,S2,5,safe_trial,1.0,0.0,1.0,1.0,1.0
B2,S2,5,attack_induced_rmse_delta_hz,-0.0019589880526330633,0.0005176390882586441,-0.0017156028594186,-0.0021451979019962825,-0.0017950575795147989
B2,S2,5,attack_induced_peak_delta_hz,-0.012803022781816225,0.0010788310045112572,-0.0132454189515378,-0.013131028038816809,-0.012367329961544273
B2,S2,5,counterfactual_max_freq_difference_hz,0.2756834891555459,0.01743907570376871,0.2840695710043057,0.2698879221433126,0.2814361587288801
B2,S2,5,counterfactual_iafd_hz_s,0.5765220597135062,0.04460867507141652,0.5972837769641244,0.558336541387457,0.5912604389705256
B2,S2,5,detection_delay_s,16.0,0.0,16.0,16.0,16.0
B2,S2,5,readmission_delay_s,0.0,0.0,0.0,0.0,0.0
B2,S2,5,false_isolation_rate,0.0,0.0,0.0,0.0,0.0
B2,S2,5,trust_separation,0.0,0.0,0.0,0.0,0.0
B2,S2,5,packets,1818.0,0.0,1818.0,1818.0,1818.0
B2,S2,5,update_time_ms,0.41089136204643384,0.025827227734077102,0.40206683663407344,0.4024392710401135,0.4207459140509895
B2,S3,5,frequency_rmse_hz,0.18429835419007476,0.0006887931220086893,0.18408753562074642,0.18406072253054231,0.18452692702978638
B2,S3,5,voltage_rmse_v,1.0003927550604774,2.2584051416334807e-16,1.0003927550604772,1.0003927550604774,1.0003927550604774
B2,S3,5,sharing_error,0.04892117582085657,4.4262424908938896e-05,0.04892425043384152,0.04890645944583312,0.04893681025637623
B2,S3,5,safe_trial,1.0,0.0,1.0,1.0,1.0
B2,S3,5,attack_induced_rmse_delta_hz,4.539728051229837e-05,0.0007050993896281934,-0.00018079895993913797,-0.00018284746215497312,0.00030026858396819945
B2,S3,5,attack_induced_peak_delta_hz,8.953586455390239e-06,0.00037583545334242294,-9.808843732622696e-05,-0.00011659421854464321,0.0001376912792586261
B2,S3,5,counterfactual_max_freq_difference_hz,0.006734215676019299,0.004770327658865837,0.004516507035106088,0.005131930474615428,0.008581652999745865
B2,S3,5,counterfactual_iafd_hz_s,0.015559491238036783,0.010942786683828342,0.010769038849658937,0.011693657851791456,0.019266001447162957
B2,S3,5,detection_delay_s,0.20000000000000018,0.0,0.20000000000000018,0.20000000000000018,0.20000000000000018
B2,S3,5,readmission_delay_s,0.0,0.0,0.0,0.0,0.0
B2,S3,5,false_isolation_rate,0.0,0.0,0.0,0.0,0.0
B2,S3,5,trust_separation,0.0,0.0,0.0,0.0,0.0
B2,S3,5,packets,1818.0,0.0,1818.0,1818.0,1818.0
B2,S3,5,update_time_ms,0.39559734257444484,0.033907261679998406,0.38465583168202794,0.3841329068648432,0.40695887321006075
B2,S4,5,frequency_rmse_hz,0.1842597659573073,0.00038671724805236583,0.18418518061002603,0.1841309980522474,0.18439634606770774
B2,S4,5,voltage_rmse_v,1.0003927550604774,2.2584051416334807e-16,1.0003927550604772,1.0003927550604774,1.0003927550604774
B2,S4,5,sharing_error,0.0489343127176751,6.111824274000412e-05,0.04893585612212445,0.048913272331586696,0.048954298426985295
B2,S4,5,safe_trial,1.0,0.0,1.0,1.0,1.0
B2,S4,5,attack_induced_rmse_delta_hz,7.001010636056805e-06,0.00038408817112861983,-7.093889901081674e-05,-0.00012809473989247006,0.0001511215972172461
B2,S4,5,attack_induced_peak_delta_hz,5.1516588262208e-06,0.00024617746344740126,-1.034529201504597e-05,-7.874746014827498e-05,0.0001020360569591555
B2,S4,5,counterfactual_max_freq_difference_hz,0.004178138643343443,0.002532866824939951,0.0033868919125943,0.0033454580337625257,0.0052049949026337795
B2,S4,5,counterfactual_iafd_hz_s,0.01157156021991257,0.007189327475980247,0.01035296159419935,0.009095963025113864,0.014198739618758057
B2,S4,5,detection_delay_s,0.0,0.0,0.0,0.0,0.0
B2,S4,5,readmission_delay_s,0.0,0.0,0.0,0.0,0.0
B2,S4,5,false_isolation_rate,0.0,0.0,0.0,0.0,0.0
B2,S4,5,trust_separation,0.0,0.0,0.0,0.0,0.0
B2,S4,5,packets,1410.7,11.070775445537556,1411.5,1406.7658333333334,1414.4341666666667
B2,S4,5,update_time_ms,0.40337377755775955,0.022361159898266723,0.4051071138593836,0.3959387428048997,0.4112661331765427
B2,S5,5,frequency_rmse_hz,0.4425127819178119,0.037976617805125644,0.4610957569548518,0.43000371667067744,0.45495187438655377
B2,S5,5,voltage_rmse_v,1.0003927550604774,2.2584051416334807e-16,1.0003927550604772,1.0003927550604774,1.0003927550604774
B2,S5,5,sharing_error,0.05522600315914254,0.0017751281715517413,0.05605678091709025,0.05451228509767114,0.055807820031375396
B2,S5,5,safe_trial,0.0,0.0,0.0,0.0,0.0
B2,S5,5,attack_induced_rmse_delta_hz,0.25826001697114054,0.037989614411177576,0.2768575198540473,0.24268769702183274,0.27069223664176967
B2,S5,5,attack_induced_peak_delta_hz,0.09069556892436922,0.021534145753957328,0.10114234192797505,0.08196816951445592,0.09778504119543535
B2,S5,5,counterfactual_max_freq_difference_hz,0.962417791234295,0.10926488219720033,1.0161207074878043,0.9265306826887854,0.9982409381123049
B2,S5,5,counterfactual_iafd_hz_s,2.9940248381785675,0.38960969496512843,3.184696913452786,2.865755706528729,3.12188522009759
B2,S5,5,detection_delay_s,15.0,0.0,15.0,15.0,15.0
B2,S5,5,readmission_delay_s,0.0,0.0,0.0,0.0,0.0
B2,S5,5,false_isolation_rate,0.0,0.0,0.0,0.0,0.0
B2,S5,5,trust_separation,0.0,0.0,0.0,0.0,0.0
B2,S5,5,packets,1818.0,0.0,1818.0,1818.0,1818.0
B2,S5,5,update_time_ms,0.3962274372943374,0.033882811026446046,0.38423578712579476,0.38536216644466376,0.4087939165349206
B2,S6,5,frequency_rmse_hz,0.1665079521031946,0.00012477432688033218,0.16646648266863356,0.16646689869190323,0.1665511146185442
B2,S6,5,voltage_rmse_v,1.0003927550604774,2.2584051416334807e-16,1.0003927550604772,1.0003927550604774,1.0003927550604774
B2,S6,5,sharing_error,0.048920219532112875,9.513822413780304e-05,0.048893039344477,0.048888708650210326,0.048955410193644036
B2,S6,5,safe_trial,1.0,0.0,1.0,1.0,1.0
B2,S6,5,attack_induced_rmse_delta_hz,-0.0022607428983528032,0.00011173903758622415,-0.00229439571905635,-0.0023003132227680753,-0.002219553318542145
B2,S6,5,attack_induced_peak_delta_hz,-0.0016804764877320665,0.00015635660405215733,-0.00172440510747755,-0.0017365564268724044,-0.0016223317661986775
B2,S6,5,counterfactual_max_freq_difference_hz,0.04104966363951041,0.0040774329153126605,0.0430110766417399,0.039388545333628074,0.04239446380113507
B2,S6,5,counterfactual_iafd_hz_s,0.12670898883582213,0.015087090120436644,0.1340628809436058,0.12143745146351702,0.13175909350351148
B2,S6,5,detection_delay_s,16.0,0.0,16.0,16.0,16.0
B2,S6,5,readmission_delay_s,0.0,0.0,0.0,0.0,0.0
B2,S6,5,false_isolation_rate,0.0,0.0,0.0,0.0,0.0
B2,S6,5,trust_separation,0.0,0.0,0.0,0.0,0.0
B2,S6,5,packets,1818.0,0.0,1818.0,1818.0,1818.0
B2,S6,5,update_time_ms,0.40146502046239163,0.028541968310367042,0.39227029702659016,0.3928557750411674,0.41167702368031256
B2,S7,5,frequency_rmse_hz,0.5490236443963636,0.00012903607632418587,0.5489978712466238,0.5489829114813034,0.5490703856884871
B2,S7,5,voltage_rmse_v,1.0003927550604774,2.2584051416334807e-16,1.0003927550604772,1.0003927550604774,1.0003927550604774
B2,S7,5,sharing_error,0.07530470979755026,0.00015311149889277973,0.0752924021480617,0.07525206774094939,0.07536045781606096
B2,S7,5,safe_trial,0.0,0.0,0.0,0.0,0.0
B2,S7,5,attack_induced_rmse_delta_hz,0.38025494939481613,0.0001602802681685637,0.38023705415349235,0.3802014375092382,0.38030936823738476
B2,S7,5,attack_induced_peak_delta_hz,0.18327394153493154,8.959446142718605e-05,0.18326898881473136,0.18324279286155,0.18330703972492626
B2,S7,5,counterfactual_max_freq_difference_hz,1.1880656517853128,0.0006253193073390708,1.1881952188425693,1.1878340913912748,1.1882791473352752
B2,S7,5,counterfactual_iafd_hz_s,4.827279824675413,0.005486186738593186,4.827293853544487,4.825292957175082,4.829306884313222
B2,S7,5,detection_delay_s,16.0,0.0,16.0,16.0,16.0
B2,S7,5,readmission_delay_s,0.0,0.0,0.0,0.0,0.0
B2,S7,5,false_isolation_rate,0.0,0.0,0.0,0.0,0.0
B2,S7,5,trust_separation,0.0,0.0,0.0,0.0,0.0
B2,S7,5,packets,1818.0,0.0,1818.0,1818.0,1818.0
B2,S7,5,update_time_ms,0.41413169603939204,0.037660480816327765,0.3972015495059852,0.40159711912509494,0.428272247573924
B3,S0,5,frequency_rmse_hz,0.1835420154030739,5.87486670600974e-05,0.18353750698316354,0.18352131348941608,0.18356164678424725
B3,S0,5,voltage_rmse_v,1.0003927550604774,2.2584051416334807e-16,1.0003927550604772,1.0003927550604774,1.0003927550604774
B3,S0,5,sharing_error,0.0489829738953772,5.002662344583617e-05,0.0489911829163419,0.048964888170720706,0.04900041333936173
B3,S0,5,safe_trial,1.0,0.0,1.0,1.0,1.0
B3,S0,5,attack_induced_rmse_delta_hz,0.0,0.0,0.0,0.0,0.0
B3,S0,5,attack_induced_peak_delta_hz,0.0,0.0,0.0,0.0,0.0
B3,S0,5,counterfactual_max_freq_difference_hz,0.0,0.0,0.0,0.0,0.0
B3,S0,5,counterfactual_iafd_hz_s,0.0,0.0,0.0,0.0,0.0
B3,S0,5,detection_delay_s,0.0,0.0,0.0,0.0,0.0
B3,S0,5,readmission_delay_s,0.0,0.0,0.0,0.0,0.0
B3,S0,5,false_isolation_rate,0.0,0.0,0.0,0.0,0.0
B3,S0,5,trust_separation,0.0,0.0,0.0,0.0,0.0
B3,S0,5,packets,1818.0,0.0,1818.0,1818.0,1818.0
B3,S0,5,update_time_ms,0.44944469967022355,0.2546092908514244,0.3933576485163183,0.39607511203829104,0.5450115517084905
B3,S1,5,frequency_rmse_hz,0.18307301770980225,8.582315515735904e-05,0.18308127524161824,0.18304341642766497,0.18310420760364368
B3,S1,5,voltage_rmse_v,1.0003927550604774,2.2584051416334807e-16,1.0003927550604772,1.0003927550604774,1.0003927550604774
B3,S1,5,sharing_error,0.04915970527686184,5.536592916501266e-05,0.0491554430780525,0.04914011594582167,0.0491812060668626
B3,S1,5,safe_trial,1.0,0.0,1.0,1.0,1.0
B3,S1,5,attack_induced_rmse_delta_hz,-0.0004758257432668067,7.483346944939184e-05,-0.00048107454592075,-0.0005025599533096484,-0.0004468641508673985
B3,S1,5,attack_induced_peak_delta_hz,-0.0010467417343630835,0.00016886190723119354,-0.0010822556859899001,-0.0011033677575763552,-0.00098788034349458
B3,S1,5,counterfactual_max_freq_difference_hz,0.01971176446513468,0.0028477892659424307,0.02020340131924665,0.01871483663283148,0.020668200248802067
B3,S1,5,counterfactual_iafd_hz_s,0.04049472313035474,0.006304555060813899,0.0413749274224659,0.038157087280013664,0.042465883417178
B3,S1,5,detection_delay_s,15.0,0.0,15.0,15.0,15.0
B3,S1,5,readmission_delay_s,0.0,0.0,0.0,0.0,0.0
B3,S1,5,false_isolation_rate,0.0,0.0,0.0,0.0,0.0
B3,S1,5,trust_separation,0.0,0.0,0.0,0.0,0.0
B3,S1,5,packets,1818.0,0.0,1818.0,1818.0,1818.0
B3,S1,5,update_time_ms,0.4132586415836749,0.03960890619313522,0.3982816039621353,0.39937787039522415,0.42749737390194253
B3,S2,5,frequency_rmse_hz,0.17304299485396007,9.072105532656314e-05,0.17305460692895724,0.1730119355499916,0.1730765594260826
B3,S2,5,voltage_rmse_v,1.0003927550604774,2.2584051416334807e-16,1.0003927550604772,1.0003927550604774,1.0003927550604774
B3,S2,5,sharing_error,0.05107303496222816,0.00010288181273637286,0.0510893423466135,0.05103738639794874,0.05110756799248089
B3,S2,5,safe_trial,1.0,0.0,1.0,1.0,1.0
B3,S2,5,attack_induced_rmse_delta_hz,-3.558522076418107e-05,6.304175744912573e-05,-2.8814259573392564e-05,-5.7529330052493675e-05,-1.39944187317155e-05
B3,S2,5,attack_induced_peak_delta_hz,-0.004419963973928937,0.0003466341808974753,-0.0044917495229306,-0.004537332767778377,-0.004287263867939388
B3,S2,5,counterfactual_max_freq_difference_hz,0.058058262535946835,0.00410067410977317,0.05875076212772255,0.0565706908213588,0.05932547762974347
B3,S2,5,counterfactual_iafd_hz_s,0.13871385569665026,0.011218140198531013,0.14197426816914172,0.1345283617565625,0.14254653059730277
B3,S2,5,detection_delay_s,16.0,0.0,16.0,16.0,16.0
B3,S2,5,readmission_delay_s,0.0,0.0,0.0,0.0,0.0
B3,S2,5,false_isolation_rate,0.0,0.0,0.0,0.0,0.0
B3,S2,5,trust_separation,0.0,0.0,0.0,0.0,0.0
B3,S2,5,packets,1818.0,0.0,1818.0,1818.0,1818.0
B3,S2,5,update_time_ms,0.4199442689769838,0.02135734015029283,0.41566456930733764,0.41333279094891145,0.42764356592440456
B3,S3,5,frequency_rmse_hz,0.1835464423708255,0.00010212372535700921,0.18356486790653598,0.18350965586610066,0.1835836537666433
B3,S3,5,voltage_rmse_v,1.0003927550604774,2.2584051416334807e-16,1.0003927550604772,1.0003927550604774,1.0003927550604774
B3,S3,5,sharing_error,0.04897997924364593,5.057650494566916e-05,0.04898062829790609,0.04896242899324586,0.04899790713541341
B3,S3,5,safe_trial,1.0,0.0,1.0,1.0,1.0
B3,S3,5,attack_induced_rmse_delta_hz,4.426967751605671e-06,8.066997606904323e-05,2.25090483377266e-05,-2.3837994617348645e-05,3.5259601976818425e-05
B3,S3,5,attack_induced_peak_delta_hz,3.0541469075477204e-06,0.00017477803142249297,4.154270600054133e-05,-6.071406996209343e-05,6.242769562103604e-05
B3,S3,5,counterfactual_max_freq_difference_hz,0.003107015288347507,0.0018269836630070888,0.0028760976722175258,0.0025028939229734645,0.0038028080727461897
B3,S3,5,counterfactual_iafd_hz_s,0.006566426346908707,0.0037468392978957056,0.00638545038023821,0.005314332464082741,0.007922390852849494
B3,S3,5,detection_delay_s,0.20000000000000018,0.0,0.20000000000000018,0.20000000000000018,0.20000000000000018
B3,S3,5,readmission_delay_s,0.0,0.0,0.0,0.0,0.0
B3,S3,5,false_isolation_rate,0.0,0.0,0.0,0.0,0.0
B3,S3,5,trust_separation,0.0,0.0,0.0,0.0,0.0
B3,S3,5,packets,1818.0,0.0,1818.0,1818.0,1818.0
B3,S3,5,update_time_ms,0.4063102848183364,0.030686370923652704,0.404974559405493,0.39621881254937946,0.41688336349839916
B3,S4,5,frequency_rmse_hz,0.18355488405712883,6.60600938140517e-05,0.1835416288290758,0.18353222512374645,0.1835795564590588
B3,S4,5,voltage_rmse_v,1.0003927550604896,1.1219296688711272e-14,1.0003927550605,1.0003927550604859,1.0003927550604936
B3,S4,5,sharing_error,0.04899668531062116,4.205594131014394e-05,0.04899100181113565,0.04898154380114516,0.04901163162019811
B3,S4,5,safe_trial,1.0,0.0,1.0,1.0,1.0
B3,S4,5,attack_induced_rmse_delta_hz,6.040604059666027e-06,8.31293440315225e-05,1.9299180022955276e-05,-2.2282435684858838e-05,3.6994521921980466e-05
B3,S4,5,attack_induced_peak_delta_hz,-4.89191283416517e-06,0.0002287565236695974,-3.571485239817207e-05,-8.303841514164473e-05,7.161267585727597e-05
B3,S4,5,counterfactual_max_freq_difference_hz,0.0037593190391901963,0.0018041275846574713,0.00377637802598935,0.003150984246199285,0.0044596298322492015
B3,S4,5,counterfactual_iafd_hz_s,0.009123030832084572,0.0036958719741073997,0.009532245068275751,0.007836034086127899,0.01039644791497781
B3,S4,5,detection_delay_s,0.0,0.0,0.0,0.0,0.0
B3,S4,5,readmission_delay_s,0.0,0.0,0.0,0.0,0.0
B3,S4,5,false_isolation_rate,0.0,0.0,0.0,0.0,0.0
B3,S4,5,trust_separation,0.0,0.0,0.0,0.0,0.0
B3,S4,5,packets,1410.7,11.070775445537556,1411.5,1406.7316666666668,1414.37
B3,S4,5,update_time_ms,0.4154196161711921,0.03499454775701784,0.4077801782157189,0.4037885381760386,0.4285424461546155
B3,S5,5,frequency_rmse_hz,0.18465994564319185,0.00024213915951325235,0.18473443176136145,0.1845772145271991,0.18474291200120735
B3,S5,5,voltage_rmse_v,1.0003927550604774,2.2584051416334807e-16,1.0003927550604772,1.0003927550604774,1.0003927550604774
B3,S5,5,sharing_error,0.04870031170916737,6.118860432802738e-05,0.04870069933340695,0.04867968637955254,0.0487212993650685
B3,S5,5,safe_trial,1.0,0.0,1.0,1.0,1.0
B3,S5,5,attack_induced_rmse_delta_hz,0.001111102190122707,0.0002343405011885186,0.0011874048229747,0.0010280881335651831,0.0011913161457788124
B3,S5,5,attack_induced_peak_delta_hz,0.0016397911000609134,0.0002722597828488151,0.0016974326768880998,0.001537002001210909,0.0017329160756323588
B3,S5,5,counterfactual_max_freq_difference_hz,0.03487770332886645,0.005304364408729025,0.036508142215531295,0.0329201239120429,0.036795449290999344
B3,S5,5,counterfactual_iafd_hz_s,0.07133521878038061,0.011799900662778398,0.07566350592024085,0.06696437527280959,0.0753668199358339
B3,S5,5,detection_delay_s,15.0,0.0,15.0,15.0,15.0
B3,S5,5,readmission_delay_s,0.0,0.0,0.0,0.0,0.0
B3,S5,5,false_isolation_rate,0.0,0.0,0.0,0.0,0.0
B3,S5,5,trust_separation,0.0,0.0,0.0,0.0,0.0
B3,S5,5,packets,1818.0,0.0,1818.0,1818.0,1818.0
B3,S5,5,update_time_ms,0.41020396468594583,0.03462873618368789,0.3972741237635766,0.399709474149761,0.42305340629450056
B3,S6,5,frequency_rmse_hz,0.17364744488984518,0.00014198906929501848,0.17367320703893063,0.17359804090903685,0.17369641458184523
B3,S6,5,voltage_rmse_v,1.0003927550604774,2.2584051416334807e-16,1.0003927550604772,1.0003927550604774,1.0003927550604774
B3,S6,5,sharing_error,0.05005100811462427,5.8315311320280177e-05,0.05005078956744615,0.0500306563469791,0.050072855900822485
B3,S6,5,safe_trial,1.0,0.0,1.0,1.0,1.0
B3,S6,5,attack_induced_rmse_delta_hz,0.0005688648151208568,0.00010398093822792266,0.00060648639561095,0.0005307439296072388,0.0006031263436284272
B3,S6,5,attack_induced_peak_delta_hz,-0.0011036729820142865,0.00012305805276208008,-0.0011241538199832498,-0.0011467525621926295,-0.0010581700005746813
B3,S6,5,counterfactual_max_freq_difference_hz,0.01963121345043196,0.002053753803066856,0.0199410471609411,0.018942275851866055,0.020380726936623215
B3,S6,5,counterfactual_iafd_hz_s,0.060054480760642,0.007307607217405953,0.061252494740284893,0.05746130239773279,0.062467856567950675
B3,S6,5,detection_delay_s,16.0,0.0,16.0,16.0,16.0
B3,S6,5,readmission_delay_s,0.0,0.0,0.0,0.0,0.0
B3,S6,5,false_isolation_rate,0.0,0.0,0.0,0.0,0.0
B3,S6,5,trust_separation,0.0,0.0,0.0,0.0,0.0
B3,S6,5,packets,1818.0,0.0,1818.0,1818.0,1818.0
B3,S6,5,update_time_ms,0.4163113960396796,0.021028620782807733,0.4119806089109639,0.40934898573481193,0.4237416048349459
B3,S7,5,frequency_rmse_hz,0.5432637073044527,0.0015549878378384018,0.5443270052655365,0.5426940542074328,0.5438170885214687
B3,S7,5,voltage_rmse_v,1.0003927550604774,2.2584051416334807e-16,1.0003927550604772,1.0003927550604774,1.0003927550604774
B3,S7,5,sharing_error,0.07524339802108776,0.0010085995508372836,0.07470105639012811,0.07491506178758817,0.07559701968840243
B3,S7,5,safe_trial,0.0,0.0,0.0,0.0,0.0
B3,S7,5,attack_induced_rmse_delta_hz,0.37018512722972846,0.0015818676859333878,0.37121230662384674,0.3696297907545567,0.370691512668841
B3,S7,5,attack_induced_peak_delta_hz,0.185912614122374,0.00017332810994917085,0.1859328623410725,0.18585132151775752,0.18596840681616658
B3,S7,5,counterfactual_max_freq_difference_hz,1.3830418434354803,0.0031356881026744637,1.3834082935297545,1.3818664751464236,1.3840258322897947
B3,S7,5,counterfactual_iafd_hz_s,5.004325078676684,0.06913634943242102,5.045476609690121,4.980433181980668,5.028007368822879
B3,S7,5,detection_delay_s,16.0,0.0,16.0,16.0,16.0
B3,S7,5,readmission_delay_s,0.0,0.0,0.0,0.0,0.0
B3,S7,5,false_isolation_rate,0.0,0.0,0.0,0.0,0.0
B3,S7,5,trust_separation,0.0,0.0,0.0,0.0,0.0
B3,S7,5,packets,1818.0,0.0,1818.0,1818.0,1818.0
B3,S7,5,update_time_ms,0.4316995795374402,0.055072322790836285,0.40635125247438797,0.4131313495456569,0.4519134546195899
B4,S0,5,frequency_rmse_hz,0.1839045100873217,0.00042911577088021804,0.18377286592671804,0.18375861816585234,0.18406568876932602
B4,S0,5,voltage_rmse_v,1.0003927550604774,2.2584051416334807e-16,1.0003927550604772,1.0003927550604774,1.0003927550604774
B4,S0,5,sharing_error,0.04892983829141117,0.00010535326888791194,0.04891438387526515,0.048896143705186294,0.04896884084315728
B4,S0,5,safe_trial,1.0,0.0,1.0,1.0,1.0
B4,S0,5,attack_induced_rmse_delta_hz,0.0,0.0,0.0,0.0,0.0
B4,S0,5,attack_induced_peak_delta_hz,0.0,0.0,0.0,0.0,0.0
B4,S0,5,counterfactual_max_freq_difference_hz,0.0,0.0,0.0,0.0,0.0
B4,S0,5,counterfactual_iafd_hz_s,0.0,0.0,0.0,0.0,0.0
B4,S0,5,detection_delay_s,0.0,0.0,0.0,0.0,0.0
B4,S0,5,readmission_delay_s,0.0,0.0,0.0,0.0,0.0
B4,S0,5,false_isolation_rate,0.0,0.0,0.0,0.0,0.0
B4,S0,5,trust_separation,-0.012994069011005416,0.00031011288897649835,-0.0130343640177606,-0.013101221440260729,-0.01289031996585821
B4,S0,5,packets,1818.0,0.0,1818.0,1818.0,1818.0
B4,S0,5,update_time_ms,0.4405259178214265,0.034278542840034544,0.42777736138584194,0.4291615682588394,0.4536307211708653
B4,S1,5,frequency_rmse_hz,0.18330732357847573,0.0004831540406435727,0.18316170718437075,0.1831523962299093,0.18347555891975556
B4,S1,5,voltage_rmse_v,1.0003927550604774,2.2584051416334807e-16,1.0003927550604772,1.0003927550604774,1.0003927550604774
B4,S1,5,sharing_error,0.04924774588343148,0.0002064977939760233,0.049174570738296494,0.04918045761300302,0.04932595085104097
B4,S1,5,safe_trial,1.0,0.0,1.0,1.0,1.0
B4,S1,5,attack_induced_rmse_delta_hz,-0.0006091656500841734,0.00013523427913005417,-0.0006326990044812999,-0.000656538487450974,-0.0005613562691994463
B4,S1,5,attack_induced_peak_delta_hz,-0.00139314174551941,0.000277420650932626,-0.0014671736801403,-0.001483656604729097,-0.0012845181712206099
B4,S1,5,counterfactual_max_freq_difference_hz,0.024300974689738967,0.0055416720214467,0.02514830079260115,0.02227631089195628,0.026312534134526923
B4,S1,5,counterfactual_iafd_hz_s,0.05195124364227262,0.011151649205358447,0.055158421856203704,0.04818607866045419,0.055609059293743206
B4,S1,5,detection_delay_s,3.253333333333333,5.487272630327403,0.0,1.2199999999999998,5.286666666666665
B4,S1,5,readmission_delay_s,0.0,0.0,0.0,0.0,0.0
B4,S1,5,false_isolation_rate,0.0,0.0,0.0,0.0,0.0
B4,S1,5,trust_separation,0.000730083931985557,0.010498289010544571,-0.0030895655483116,-0.002753905903614802,0.004715961302841748
B4,S1,5,packets,1818.0,0.0,1818.0,1818.0,1818.0
B4,S1,5,update_time_ms,0.43975893597367044,0.047500461976783245,0.4225623415842876,0.4246087848020667,0.458761809876294
B4,S2,5,frequency_rmse_hz,0.1729274038081634,0.001980807733499529,0.17290368437985576,0.17220167362579727,0.17360218921000642
B4,S2,5,voltage_rmse_v,1.0003927550604774,2.2584051416334807e-16,1.0003927550604772,1.0003927550604774,1.0003927550604774
B4,S2,5,sharing_error,0.05072991923516946,0.00017432674727318093,0.050726535369131104,0.05066626546560303,0.05079323501806519
B4,S2,5,safe_trial,1.0,0.0,1.0,1.0,1.0
B4,S2,5,attack_induced_rmse_delta_hz,0.00022023793964103704,0.00016182593158142408,0.00023524899380484999,0.00015846065750326548,0.00027761651262152585
B4,S2,5,attack_induced_peak_delta_hz,-0.00453456779658003,0.0003984615972765158,-0.004682033845568799,-0.0046679601655808915,-0.004392002620295768
B4,S2,5,counterfactual_max_freq_difference_hz,0.06637842517956799,0.011266513596204447,0.06524496174487734,0.06252925281075351,0.07030057251964691
B4,S2,5,counterfactual_iafd_hz_s,0.155767148907783,0.021699572236062892,0.15209384640080786,0.1482096828089578,0.1634582246135322
B4,S2,5,detection_delay_s,1.76,4.563845928071238,0.0,0.44,3.52
B4,S2,5,readmission_delay_s,0.0,0.0,0.0,0.0,0.0
B4,S2,5,false_isolation_rate,0.0,0.0,0.0,0.0,0.0
B4,S2,5,trust_separation,0.000683701940068183,0.012600815165826751,-0.0043990223964025,-0.0034900176932705336,0.005180569660373106
B4,S2,5,packets,1818.0,0.0,1818.0,1818.0,1818.0
B4,S2,5,update_time_ms,0.4549994673262479,0.030126235090530983,0.44917775247509184,0.44425467887718373,0.4656963826559931
B4,S3,5,frequency_rmse_hz,0.18391342155535353,0.0004396582635372604,0.18375686491525217,0.18375620684811877,0.18407263219406778
B4,S3,5,voltage_rmse_v,1.0003927550604774,2.2584051416334807e-16,1.0003927550604772,1.0003927550604774,1.0003927550604774
B4,S3,5,sharing_error,0.04892743900245411,0.00010211801101205767,0.048905338290827105,0.04889282975985113,0.048966838524095134
B4,S3,5,safe_trial,1.0,0.0,1.0,1.0,1.0
B4,S3,5,attack_induced_rmse_delta_hz,8.911468031852498e-06,9.124975071114507e-05,6.257787853569674e-06,-2.3513245161734233e-05,3.822502162024089e-05
B4,S3,5,attack_induced_peak_delta_hz,2.4208758683406476e-05,0.0001992944672395403,2.0621945481053006e-05,-4.376892317167628e-05,8.979615652806086e-05
B4,S3,5,counterfactual_max_freq_difference_hz,0.0032959775894077837,0.002078647620852519,0.0028377065376936628,0.002637388750083414,0.004135703387169359
B4,S3,5,counterfactual_iafd_hz_s,0.007202398444503969,0.004587375901267896,0.006593043855942325,0.005609735891967886,0.008885636228499694
B4,S3,5,detection_delay_s,0.05333333333333338,0.0899552890217608,0.0,0.02666666666666669,0.08666666666666674
B4,S3,5,readmission_delay_s,0.0,0.0,0.0,0.0,0.0
B4,S3,5,false_isolation_rate,0.0,0.0,0.0,0.0,0.0
B4,S3,5,trust_separation,0.0007300929137463941,0.010498279503865018,-0.0030895529193630256,-0.0028960435592822573,0.004791810714294043
B4,S3,5,packets,1818.0,0.0,1818.0,1818.0,1818.0
B4,S3,5,update_time_ms,0.43764677953797765,0.04259087376604649,0.42976050990051085,0.42397347993351725,0.4533941000830725
B4,S4,5,frequency_rmse_hz,0.18390189911482716,0.0004556718887003769,0.1837263180013874,0.1837491907382245,0.18404821004790267
B4,S4,5,voltage_rmse_v,1.0003927550604896,1.1219296688711272e-14,1.0003927550605,1.0003927550604859,1.0003927550604934
B4,S4,5,sharing_error,0.048955103857404224,8.289472502803449e-05,0.04894625510358705,0.048925474424760515,0.04898549846715775
B4,S4,5,safe_trial,1.0,0.0,1.0,1.0,1.0
B4,S4,5,attack_induced_rmse_delta_hz,-1.4590113732852672e-05,0.00010039485902958083,-2.741876123163456e-05,-4.989364490922085e-05,2.1110676606170552e-05
B4,S4,5,attack_induced_peak_delta_hz,-4.427434779045483e-05,0.00027262665678345297,-4.956084794471849e-05,-0.00013499509842799793,5.511903359483363e-05
B4,S4,5,counterfactual_max_freq_difference_hz,0.004787203348539461,0.0028250455820096943,0.0038767164131846997,0.0037993468451427226,0.005771933976770586
B4,S4,5,counterfactual_iafd_hz_s,0.01112853021434695,0.00609802382031916,0.01029704318064505,0.009004272688427555,0.013329441875702203
B4,S4,5,detection_delay_s,0.0,0.0,0.0,0.0,0.0
B4,S4,5,readmission_delay_s,0.0,0.0,0.0,0.0,0.0
B4,S4,5,false_isolation_rate,0.0,0.0,0.0,0.0,0.0
B4,S4,5,trust_separation,-0.013062759655194895,0.00023020771527204985,-0.013094993968761948,-0.013141364235649369,-0.012980580379955949
B4,S4,5,packets,1410.7,11.070775445537556,1411.5,1406.8,1414.835
B4,S4,5,update_time_ms,0.4510991848188622,0.03797084947095697,0.44254700000156744,0.43895530623012896,0.4647458842828313
B4,S5,5,frequency_rmse_hz,0.18565469053744968,0.0006927146197927876,0.18556920747268515,0.18542098577028002,0.18589376649062903
B4,S5,5,voltage_rmse_v,1.0003927550604774,2.2584051416334807e-16,1.0003927550604772,1.0003927550604774,1.0003927550604774
B4,S5,5,sharing_error,0.04850044376752823,9.924938451861608e-05,0.048473202050550196,0.048467764582839044,0.04853859497523483
B4,S5,5,safe_trial,1.0,0.0,1.0,1.0,1.0
B4,S5,5,attack_induced_rmse_delta_hz,0.0017382013088896133,0.000833794976967154,0.0016446880590959,0.0014449646590567915,0.0020233308978441483
B4,S5,5,attack_induced_peak_delta_hz,0.002277004215616974,0.0004615877479858372,0.0023253976470484997,0.002101631907684308,0.002447183832609205
B4,S5,5,counterfactual_max_freq_difference_hz,0.04691426111724553,0.009825685877293874,0.049477366487000254,0.04342457398708161,0.050214314424196986
B4,S5,5,counterfactual_iafd_hz_s,0.09976015610614698,0.024320615137007125,0.10183841681229311,0.09132494453860368,0.10823299053783236
B4,S5,5,detection_delay_s,3.253333333333333,5.487272630327403,0.0,1.6266666666666665,5.286666666666665
B4,S5,5,readmission_delay_s,0.0,0.0,0.0,0.0,0.0
B4,S5,5,false_isolation_rate,0.0,0.0,0.0,0.0,0.0
B4,S5,5,trust_separation,0.0007300971002139433,0.010498361217828643,-0.00308953254604855,-0.0027633785030016893,0.004681016927088166
B4,S5,5,packets,1818.0,0.0,1818.0,1818.0,1818.0
B4,S5,5,update_time_ms,0.4334753782182911,0.030197488345819375,0.4221402920807527,0.4236836958091428,0.4438224213453448
B4,S6,5,frequency_rmse_hz,0.173081833019732,0.0021721654770795384,0.1730716070282223,0.17235625547607739,0.17382365487457752
B4,S6,5,voltage_rmse_v,1.0003927550604774,2.2584051416334807e-16,1.0003927550604772,1.0003927550604774,1.0003927550604774
B4,S6,5,sharing_error,0.049460535371024135,0.0001762004951676215,0.04940158047881365,0.04940234781182646,0.04952586749725839
B4,S6,5,safe_trial,1.0,0.0,1.0,1.0,1.0
B4,S6,5,attack_induced_rmse_delta_hz,0.0003746671512096196,0.0001429607356987785,0.00042924966809765,0.0003286818213717094,0.0004223134412017998
B4,S6,5,attack_induced_peak_delta_hz,-0.0005788535445373034,0.00017406242039552655,-0.0005330438182049001,-0.0006470610656847362,-0.0005225793414129972
B4,S6,5,counterfactual_max_freq_difference_hz,0.015386056834027969,0.003822090175823248,0.0140252184852265,0.014034629685276336,0.01672292115055768
B4,S6,5,counterfactual_iafd_hz_s,0.04267775187947442,0.010645793331558606,0.038747372366994146,0.03905957942162112,0.046783455350906146
B4,S6,5,detection_delay_s,1.76,4.563845928071238,0.0,0.44,3.5200000000000005
B4,S6,5,readmission_delay_s,0.0,0.0,0.0,0.0,0.0
B4,S6,5,false_isolation_rate,0.0,0.0,0.0,0.0,0.0
B4,S6,5,trust_separation,0.0006837568948447066,0.012600995422191954,-0.0043989788401878,-0.003724001498829454,0.005045493224634052
B4,S6,5,packets,1818.0,0.0,1818.0,1818.0,1818.0
B4,S6,5,update_time_ms,0.4458807089110268,0.02460881771951738,0.44522460890932214,0.4374506318897947,0.4546215748513924
B4,S7,5,frequency_rmse_hz,0.4156037038786602,0.11127527756415127,0.4955951034310842,0.3722342793840553,0.45252586374712483
B4,S7,5,voltage_rmse_v,1.0003927550604774,2.2584051416334807e-16,1.0003927550604772,1.0003927550604774,1.0003927550604774
B4,S7,5,sharing_error,0.06899725494006961,0.009909984602999793,0.0752979757842625,0.06564119181325224,0.07226993198728084
B4,S7,5,safe_trial,0.0,0.0,0.0,0.0,0.0
B4,S7,5,attack_induced_rmse_delta_hz,0.2428965380101378,0.11134619612283123,0.3196807489761237,0.20219976435499332,0.28364271904212685
B4,S7,5,attack_induced_peak_delta_hz,0.11196040674781971,0.06915216564748282,0.16695624216654534,0.08495595721170052,0.13889633225409037
B4,S7,5,counterfactual_max_freq_difference_hz,0.9758493956158603,0.2943349766897524,1.1822580323765202,0.8748273424947874,1.075369841975211
B4,S7,5,counterfactual_iafd_hz_s,3.6306741640189535,1.248948923814445,4.604699904849762,3.21246107471879,4.056029365522891
B4,S7,5,detection_delay_s,0.0,0.0,0.0,0.0,0.0
B4,S7,5,readmission_delay_s,5.0,0.0,5.0,5.0,5.0
B4,S7,5,false_isolation_rate,0.15986798679867986,0.14267729228419995,0.2742574257425743,0.10435643564356437,0.2072318481848185
B4,S7,5,trust_separation,0.5347025138292635,0.18552728581643468,0.41202984847075586,0.4692645411101554,0.6037521743810045
B4,S7,5,packets,1818.0,0.0,1818.0,1818.0,1818.0
B4,S7,5,update_time_ms,0.45631163729411983,0.048467463987778216,0.437387955445398,0.44072463220276487,0.4753400440675755
B5,S0,5,frequency_rmse_hz,0.18391311663919205,0.0004568642758972619,0.18378323195085736,0.18375258796813035,0.18407744681917557
B5,S0,5,voltage_rmse_v,1.0003927550604774,2.2584051416334807e-16,1.0003927550604772,1.0003927550604774,1.0003927550604774
B5,S0,5,sharing_error,0.048899392915731206,0.00012211058414071156,0.0488721328571986,0.04885874001772073,0.04894606522426297
B5,S0,5,safe_trial,1.0,0.0,1.0,1.0,1.0
B5,S0,5,attack_induced_rmse_delta_hz,0.0,0.0,0.0,0.0,0.0
B5,S0,5,attack_induced_peak_delta_hz,0.0,0.0,0.0,0.0,0.0
B5,S0,5,counterfactual_max_freq_difference_hz,0.0,0.0,0.0,0.0,0.0
B5,S0,5,counterfactual_iafd_hz_s,0.0,0.0,0.0,0.0,0.0
B5,S0,5,detection_delay_s,0.0,0.0,0.0,0.0,0.0
B5,S0,5,readmission_delay_s,0.0,0.0,0.0,0.0,0.0
B5,S0,5,false_isolation_rate,0.0,0.0,0.0,0.0,0.0
B5,S0,5,trust_separation,0.0,0.0,0.0,0.0,0.0
B5,S0,5,packets,1818.0,0.0,1818.0,1818.0,1818.0
B5,S0,5,update_time_ms,0.4450010584159737,0.03915118298721628,0.4366196188102819,0.4332485676986055,0.46035960853960023
B5,S1,5,frequency_rmse_hz,0.18395307010601672,0.00043970500750463264,0.18377673707467096,0.18379415319370446,0.18410890653377718
B5,S1,5,voltage_rmse_v,1.0003927550604774,2.2584051416334807e-16,1.0003927550604772,1.0003927550604774,1.0003927550604774
B5,S1,5,sharing_error,0.04894282454508349,0.00012252221293005522,0.0489180013549628,0.04890238280151264,0.048989194921626525
B5,S1,5,safe_trial,1.0,0.0,1.0,1.0,1.0
B5,S1,5,attack_induced_rmse_delta_hz,2.821579387369739e-05,0.00010261480747906353,3.091727372835085e-05,-4.374201479456163e-06,6.882350484538593e-05
B5,S1,5,attack_induced_peak_delta_hz,9.475007460227231e-06,0.00015181872270362716,-4.057270043489325e-06,-4.005466922354074e-05,6.616275375814612e-05
B5,S1,5,counterfactual_max_freq_difference_hz,0.0032442215167266864,0.0019520189271352334,0.00279297807071895,0.0026248380443369018,0.0039587259866384
B5,S1,5,counterfactual_iafd_hz_s,0.007200544864622783,0.004213849492632558,0.0061629540958317505,0.005846380491810427,0.008762219883061008
B5,S1,5,detection_delay_s,0.20000000000000012,2.823006427041851e-17,0.2000000000000001,0.20000000000000012,0.20000000000000012
B5,S1,5,readmission_delay_s,9.0,0.0,9.0,9.0,9.0
B5,S1,5,false_isolation_rate,0.0,0.0,0.0,0.0,0.0
B5,S1,5,trust_separation,0.6380318088583583,0.0035387101049380396,0.6365755597604557,0.6368807870158723,0.6393271587505777
B5,S1,5,packets,1818.0,0.0,1818.0,1818.0,1818.0
B5,S1,5,update_time_ms,0.43735006171604845,0.029614438351871865,0.43073383663471365,0.428110174183085,0.44923021787946643
B5,S2,5,frequency_rmse_hz,0.17277803263550592,0.002089437742022098,0.17268833527154653,0.17205387031274427,0.17355747607971064
B5,S2,5,voltage_rmse_v,1.0003927550604774,2.2584051416334807e-16,1.0003927550604772,1.0003927550604774,1.0003927550604774
B5,S2,5,sharing_error,0.049755682207815045,0.00015815546709714457,0.049710799736799954,0.049701601716124595,0.04981664676369751
B5,S2,5,safe_trial,1.0,0.0,1.0,1.0,1.0
B5,S2,5,attack_induced_rmse_delta_hz,0.0003039661848943619,0.00018969400510577823,0.00031261972824235,0.0002333703747469609,0.0003658178082821469
B5,S2,5,attack_induced_peak_delta_hz,-0.0010842642379284867,0.00021212056437269617,-0.00112193251630185,-0.0011544074753814743,-0.0010087197887225082
B5,S2,5,counterfactual_max_freq_difference_hz,0.020280365698943783,0.004910349211928041,0.02035278146682975,0.01861040661630561,0.02207963374996053
B5,S2,5,counterfactual_iafd_hz_s,0.04955675909387955,0.010441418890175691,0.05021602333227755,0.045949412206856464,0.05320580244525769
B5,S2,5,detection_delay_s,1.426666666666667,1.0421904430286384,1.2000000000000002,1.1066666666666667,1.8533333333333337
B5,S2,5,readmission_delay_s,5.0,0.0,5.0,5.0,5.0
B5,S2,5,false_isolation_rate,0.0,0.0,0.0,0.0,0.0
B5,S2,5,trust_separation,0.586680338034738,0.050152186740447184,0.5602991092654379,0.5694483929652274,0.6053634170458033
B5,S2,5,packets,1818.0,0.0,1818.0,1818.0,1818.0
B5,S2,5,update_time_ms,0.47557906501580516,0.08277435485486301,0.45690232673223363,0.45294314394362845,0.5075901980354605
B5,S3,5,frequency_rmse_hz,0.18392027267650227,0.0004651430271146858,0.1837801879984366,0.18375931114069088,0.18408296479478603
B5,S3,5,voltage_rmse_v,1.0003927550604774,2.2584051416334807e-16,1.0003927550604772,1.0003927550604774,1.0003927550604774
B5,S3,5,sharing_error,0.04889767384703965,0.0001223485753818191,0.04886514439751333,0.04885838040310839,0.0489419097323885
B5,S3,5,safe_trial,1.0,0.0,1.0,1.0,1.0
B5,S3,5,attack_induced_rmse_delta_hz,7.156037310204755e-06,8.900918472274884e-05,6.470096805710757e-06,-2.3620218329110678e-05,3.8337548013426375e-05
B5,S3,5,attack_induced_peak_delta_hz,2.426264667152826e-05,0.0001992835096521936,2.108935127509426e-05,-4.522081090143186e-05,9.317151392306658e-05
B5,S3,5,counterfactual_max_freq_difference_hz,0.00328027774616307,0.002061581424574217,0.0028277247789709747,0.002625056111127121,0.003967559490266392
B5,S3,5,counterfactual_iafd_hz_s,0.007183229249172312,0.00456360739615358,0.006553214608722156,0.005683160984403437,0.008769140535646928
B5,S3,5,detection_delay_s,0.20000000000000018,0.0,0.20000000000000018,0.20000000000000018,0.20000000000000018
B5,S3,5,readmission_delay_s,0.0,0.0,0.0,0.0,0.0
B5,S3,5,false_isolation_rate,0.0,0.0,0.0,0.0,0.0
B5,S3,5,trust_separation,0.0,0.0,0.0,0.0,0.0
B5,S3,5,packets,1818.0,0.0,1818.0,1818.0,1818.0
B5,S3,5,update_time_ms,0.44652555148507483,0.043967188062942066,0.44271181188225167,0.4326263503796128,0.46252289262408164
B5,S4,5,frequency_rmse_hz,0.1839115454670626,0.000477355490704606,0.18375669298543945,0.18375142935466598,0.1840928316634216
B5,S4,5,voltage_rmse_v,1.0003927550604896,1.1219296688711272e-14,1.0003927550605,1.0003927550604859,1.0003927550604934
B5,S4,5,sharing_error,0.04892277231799614,9.695907974045409e-05,0.0489053028603343,0.04889168276295999,0.04895911010084558
B5,S4,5,safe_trial,1.0,0.0,1.0,1.0,1.0
B5,S4,5,attack_induced_rmse_delta_hz,-1.3308845080418057e-05,9.962199803732892e-05,-2.2726714864654274e-05,-4.794515493736349e-05,1.826244952093572e-05
B5,S4,5,attack_induced_peak_delta_hz,-4.43220464740932e-05,0.0002732558492401702,-4.895211495536955e-05,-0.00013722681008165253,5.3925956665788115e-05
B5,S4,5,counterfactual_max_freq_difference_hz,0.0047402245013145276,0.0027691464274938555,0.0039892968035779,0.003801368714522485,0.005730409754821152
B5,S4,5,counterfactual_iafd_hz_s,0.011098678275382,0.006033018368589005,0.0102226590137334,0.009179473857025663,0.013267224347518975
B5,S4,5,detection_delay_s,0.0,0.0,0.0,0.0,0.0
B5,S4,5,readmission_delay_s,0.0,0.0,0.0,0.0,0.0
B5,S4,5,false_isolation_rate,0.0,0.0,0.0,0.0,0.0
B5,S4,5,trust_separation,0.0,0.0,0.0,0.0,0.0
B5,S4,5,packets,1410.7,11.070775445537556,1411.5,1406.5333333333333,1414.6341666666667
B5,S4,5,update_time_ms,0.4558137231019782,0.034523003738945866,0.4479849950518773,0.4439731986376868,0.46917697591503577
B5,S5,5,frequency_rmse_hz,0.18395307010601672,0.00043970500750463264,0.18377673707467096,0.18381032206331666,0.18412387401732416
B5,S5,5,voltage_rmse_v,1.0003927550604774,2.2584051416334807e-16,1.0003927550604772,1.0003927550604774,1.0003927550604774
B5,S5,5,sharing_error,0.04894282454508349,0.00012252221293005522,0.0489180013549628,0.04890266925732851,0.04899267968735613
B5,S5,5,safe_trial,1.0,0.0,1.0,1.0,1.0
B5,S5,5,attack_induced_rmse_delta_hz,2.821579387369739e-05,0.00010261480747906353,3.091727372835085e-05,-9.606948707670158e-06,6.731532800237907e-05
B5,S5,5,attack_induced_peak_delta_hz,9.475007460227231e-06,0.00015181872270362716,-4.057270043489325e-06,-3.988461331439154e-05,6.479437522829364e-05
B5,S5,5,counterfactual_max_freq_difference_hz,0.0032442215167266864,0.0019520189271352334,0.00279297807071895,0.0026005586901657845,0.003964515902088922
B5,S5,5,counterfactual_iafd_hz_s,0.007200544864622783,0.004213849492632558,0.0061629540958317505,0.005895218098648614,0.0087966977075066
B5,S5,5,detection_delay_s,0.20000000000000012,2.823006427041851e-17,0.2000000000000001,0.20000000000000012,0.20000000000000012
B5,S5,5,readmission_delay_s,6.0,0.0,6.0,6.0,6.0
B5,S5,5,false_isolation_rate,0.0,0.0,0.0,0.0,0.0
B5,S5,5,trust_separation,0.6983240201152109,0.0029769060087436283,0.6972274304186246,0.6973142244005236,0.6993704622787975
B5,S5,5,packets,1818.0,0.0,1818.0,1818.0,1818.0
B5,S5,5,update_time_ms,0.43611489042869583,0.03809171189175665,0.4259691831660771,0.42435887867148464,0.4504712856842325
B5,S6,5,frequency_rmse_hz,0.1728418587694572,0.002145843318844903,0.1727329076016963,0.17212013728563794,0.17361655655236957
B5,S6,5,voltage_rmse_v,1.0003927550604774,2.2584051416334807e-16,1.0003927550604772,1.0003927550604774,1.0003927550604774
B5,S6,5,sharing_error,0.04940129716796158,0.00015781481850608357,0.04936007787966975,0.049349694984636594,0.049461278648280926
B5,S6,5,safe_trial,1.0,0.0,1.0,1.0,1.0
B5,S6,5,attack_induced_rmse_delta_hz,0.0003677923188456373,0.0001693178835385376,0.00043876766385335,0.00030469614878231494,0.0004248692744839787
B5,S6,5,attack_induced_peak_delta_hz,-0.0005822243791951132,0.00017631748953157128,-0.0005341777434786,-0.000644463375656703,-0.0005202505615380137
B5,S6,5,counterfactual_max_freq_difference_hz,0.015798857718595558,0.003730044306130343,0.014748137823840251,0.014456761454937682,0.017095419809998916
B5,S6,5,counterfactual_iafd_hz_s,0.04370675048531671,0.010760808431224296,0.04037354117334565,0.040098848487475865,0.047497955724631606
B5,S6,5,detection_delay_s,16.0,0.0,16.0,16.0,16.0
B5,S6,5,readmission_delay_s,0.0,0.0,0.0,0.0,0.0
B5,S6,5,false_isolation_rate,0.0,0.0,0.0,0.0,0.0
B5,S6,5,trust_separation,0.0,0.0,0.0,0.0,0.0
B5,S6,5,packets,1818.0,0.0,1818.0,1818.0,1818.0
B5,S6,5,update_time_ms,0.44866802277208534,0.02262739040412055,0.4469299257434073,0.44157213428184744,0.4572524869302495
B5,S7,5,frequency_rmse_hz,0.5442390050597665,0.0018200103681187982,0.5445036646610287,0.5435873536284795,0.5448544026442144
B5,S7,5,voltage_rmse_v,1.0003927550604774,2.2584051416334807e-16,1.0003927550604772,1.0003927550604774,1.0003927550604774
B5,S7,5,sharing_error,0.07523532268615744,0.0009014374720263193,0.07485440901816426,0.0749229596743286,0.07554759317123928
B5,S7,5,safe_trial,0.0,0.0,0.0,0.0,0.0
B5,S7,5,attack_induced_rmse_delta_hz,0.3717649386091548,0.0031792431658461172,0.3729190196424731,0.37067925962766207,0.37284802313240795
B5,S7,5,attack_induced_peak_delta_hz,0.18546210083625259,0.0009519240153971418,0.1856062764578041,0.18510393176014006,0.18578814852089648
B5,S7,5,counterfactual_max_freq_difference_hz,1.3735638813339812,0.019409317410652778,1.3784191156086827,1.3671132648037672,1.38052323304634
B5,S7,5,counterfactual_iafd_hz_s,5.00562637236544,0.08407515358922231,4.998769532622318,4.977634300949167,5.034954038010791
B5,S7,5,detection_delay_s,3.0,0.0,3.0,3.0,3.0
B5,S7,5,readmission_delay_s,0.0,0.0,0.0,0.0,0.0
B5,S7,5,false_isolation_rate,0.0,0.0,0.0,0.0,0.0
B5,S7,5,trust_separation,0.017907282345056407,0.016592933673939086,0.006918648485841649,0.012541132306444843,0.023302720651888417
B5,S7,5,packets,1818.0,0.0,1818.0,1818.0,1818.0
B5,S7,5,update_time_ms,0.4666925465350834,0.03845047894794935,0.4542098514852258,0.45362883214584854,0.48090443437365626
P,S0,5,frequency_rmse_hz,0.18389706876875095,0.00056028807397248,0.18383811364489505,0.18371311523449174,0.18408742153090743
P,S0,5,voltage_rmse_v,1.0003927550604774,2.2584051416334807e-16,1.0003927550604772,1.0003927550604774,1.0003927550604774
P,S0,5,sharing_error,0.04898337682836191,0.0002149196154164625,0.0489043555620466,0.04891113291701459,0.04906037329194524
P,S0,5,safe_trial,1.0,0.0,1.0,1.0,1.0
P,S0,5,attack_induced_rmse_delta_hz,0.0,0.0,0.0,0.0,0.0
P,S0,5,attack_induced_peak_delta_hz,0.0,0.0,0.0,0.0,0.0
P,S0,5,counterfactual_max_freq_difference_hz,0.0,0.0,0.0,0.0,0.0
P,S0,5,counterfactual_iafd_hz_s,0.0,0.0,0.0,0.0,0.0
P,S0,5,detection_delay_s,0.0,0.0,0.0,0.0,0.0
P,S0,5,readmission_delay_s,0.0,0.0,0.0,0.0,0.0
P,S0,5,false_isolation_rate,0.0,0.0,0.0,0.0,0.0
P,S0,5,trust_separation,0.0,0.0,0.0,0.0,0.0
P,S0,5,packets,599.5,22.630083730626637,599.5,591.8608333333333,607.4041666666667
P,S0,5,update_time_ms,0.4308305940595637,0.027174922867782416,0.42276435643804805,0.422457440544842,0.4403128439607091
P,S0,10,frequency_rmse_hz,0.061728315847743694,0.004725582194652813,0.06134699686022825,0.0602070718245583,0.06350530809266153
P,S0,10,voltage_rmse_v,1.2130163235782694,0.13186351597659712,1.2281527109920463,1.1648700616144294,1.2596022724659837
P,S0,10,sharing_error,0.009259184032080998,0.0017598101891908111,0.009587333836138301,0.00867372570393694,0.009849269917149408
P,S0,10,safe_trial,1.0,0.0,1.0,1.0,1.0
P,S0,10,attack_induced_rmse_delta_hz,0.0,0.0,0.0,0.0,0.0
P,S0,10,attack_induced_peak_delta_hz,0.0,0.0,0.0,0.0,0.0
P,S0,10,counterfactual_max_freq_difference_hz,0.0,0.0,0.0,0.0,0.0
P,S0,10,counterfactual_iafd_hz_s,0.0,0.0,0.0,0.0,0.0
P,S0,10,detection_delay_s,0.0,0.0,0.0,0.0,0.0
P,S0,10,readmission_delay_s,0.0,0.0,0.0,0.0,0.0
P,S0,10,false_isolation_rate,0.0,0.0,0.0,0.0,0.0
P,S0,10,trust_separation,0.0,0.0,0.0,0.0,0.0
P,S0,10,packets,1471.5666666666666,129.23933513882852,1454.5,1427.4533333333334,1520.3041666666666
P,S0,10,update_time_ms,0.6680282587456189,0.057215594120737526,0.6529049801969504,0.6483584749413944,0.6885877282509234
P,S0,25,frequency_rmse_hz,0.05884887583373817,0.0028324856429895596,0.05911637944533585,0.05780793048302855,0.059859787621034506
P,S0,25,voltage_rmse_v,1.4293922704309836,0.08140528431488195,1.4185699605627873,1.401961856396105,1.456134943359302
P,S0,25,sharing_error,0.0039295441408819165,0.0004980986104713673,0.00385201343305085,0.0037416532181154365,0.004109255032727465
P,S0,25,safe_trial,1.0,0.0,1.0,1.0,1.0
P,S0,25,attack_induced_rmse_delta_hz,0.0,0.0,0.0,0.0,0.0
P,S0,25,attack_induced_peak_delta_hz,0.0,0.0,0.0,0.0,0.0
P,S0,25,counterfactual_max_freq_difference_hz,0.0,0.0,0.0,0.0,0.0
P,S0,25,counterfactual_iafd_hz_s,0.0,0.0,0.0,0.0,0.0
P,S0,25,detection_delay_s,0.0,0.0,0.0,0.0,0.0
P,S0,25,readmission_delay_s,0.0,0.0,0.0,0.0,0.0
P,S0,25,false_isolation_rate,0.0,0.0,0.0,0.0,0.0
P,S0,25,trust_separation,0.0,0.0,0.0,0.0,0.0
P,S0,25,packets,3684.766666666667,193.70928864085772,3685.0,3616.0183333333334,3756.0166666666664
P,S0,25,update_time_ms,1.1547949128708022,0.05470600902433879,1.1531850792078617,1.1358264287371216,1.1745811471205636
P,S0,50,frequency_rmse_hz,0.05875462697768825,0.0022087897838545547,0.0586933950710377,0.05798120364609564,0.05952068683323525
P,S0,50,voltage_rmse_v,1.9352857201773626,0.08294948788975344,1.9534339405918493,1.9085030888070398,1.9621468838614122
P,S0,50,sharing_error,0.0022238399549599232,0.0002451563530525471,0.00225646757810005,0.002137533062777137,0.0023042415156243265
P,S0,50,safe_trial,1.0,0.0,1.0,1.0,1.0
P,S0,50,attack_induced_rmse_delta_hz,0.0,0.0,0.0,0.0,0.0
P,S0,50,attack_induced_peak_delta_hz,0.0,0.0,0.0,0.0,0.0
P,S0,50,counterfactual_max_freq_difference_hz,0.0,0.0,0.0,0.0,0.0
P,S0,50,counterfactual_iafd_hz_s,0.0,0.0,0.0,0.0,0.0
P,S0,50,detection_delay_s,0.0,0.0,0.0,0.0,0.0
P,S0,50,readmission_delay_s,0.0,0.0,0.0,0.0,0.0
P,S0,50,false_isolation_rate,0.0,0.0,0.0,0.0,0.0
P,S0,50,trust_separation,0.0,0.0,0.0,0.0,0.0
P,S0,50,packets,7373.833333333333,242.98887207858508,7384.0,7281.0858333333335,7457.755
P,S0,50,update_time_ms,2.065946245213979,0.09302643953599243,2.0581165000015123,2.034873097912573,2.096226502928527
P,S1,5,frequency_rmse_hz,0.18396602066851978,0.0004891368676293437,0.1838326334538259,0.1838043828997097,0.18413990768089636
P,S1,5,voltage_rmse_v,1.0003927550604774,2.2584051416334807e-16,1.0003927550604772,1.0003927550604774,1.0003927550604774
P,S1,5,sharing_error,0.04899882439401435,0.00020650699096557654,0.048942330319569,0.048930934440694525,0.04907857602078172
P,S1,5,safe_trial,1.0,0.0,1.0,1.0,1.0
P,S1,5,attack_induced_rmse_delta_hz,1.2302791112718246e-06,0.00024140429150567455,-8.456866328443446e-06,-8.70293827935154e-05,8.234523412655207e-05
P,S1,5,attack_induced_peak_delta_hz,-9.014873877811394e-05,0.0004132384934068008,-0.00014669136088940002,-0.0002360750504420591,5.1238136041387424e-05
P,S1,5,counterfactual_max_freq_difference_hz,0.007669150459858968,0.00471327317740131,0.0067518339334532995,0.006038018355295691,0.009324637406998086
P,S1,5,counterfactual_iafd_hz_s,0.014414964864047352,0.009001306467061434,0.0124045086222732,0.011155482611732067,0.017493839385359578
P,S1,5,detection_delay_s,0.546666666666667,0.2569493889966409,0.6000000000000005,0.4533333333333335,0.6400000000000002
P,S1,5,readmission_delay_s,9.0,0.0,9.0,9.0,9.0
P,S1,5,false_isolation_rate,0.0,0.0,0.0,0.0,0.0
P,S1,5,trust_separation,0.6278976173501414,0.013337116537234288,0.6302007317656654,0.6233899970630673,0.6326624529866283
P,S1,5,packets,632.9333333333333,30.15126615209903,634.5,622.2658333333334,643.8683333333333
P,S1,5,update_time_ms,0.43271598712857867,0.026445866353509456,0.43062596534699615,0.42459791121277013,0.442442902450166
P,S2,5,frequency_rmse_hz,0.17278370076732033,0.0020149260740449757,0.17259551776095405,0.17211764081234257,0.1735170154890721
P,S2,5,voltage_rmse_v,1.0003927550604774,2.2584051416334807e-16,1.0003927550604772,1.0003927550604774,1.0003927550604774
P,S2,5,sharing_error,0.04978101805444704,0.00020850591010818727,0.0497598577275946,0.049710197063496546,0.049859878041292556
P,S2,5,safe_trial,1.0,0.0,1.0,1.0,1.0
P,S2,5,attack_induced_rmse_delta_hz,0.00017082735921385126,0.00023408111464225462,0.0001255761312246,9.237909848794048e-05,0.00025124627431736364
P,S2,5,attack_induced_peak_delta_hz,-0.0008599804653063312,0.0005519467556743321,-0.00082502557526345,-0.0010639948577335818,-0.0006898603583840189
P,S2,5,counterfactual_max_freq_difference_hz,0.015820639831166692,0.010475497859779399,0.0125372110576407,0.012102142871649131,0.019457029386462495
P,S2,5,counterfactual_iafd_hz_s,0.034467874328917035,0.0225948290707292,0.028304996101457598,0.027159282628043357,0.043282485367492685
P,S2,5,detection_delay_s,2.0133333333333336,1.4564324228397452,1.2000000000000002,1.5530000000000004,2.533333333333333
P,S2,5,readmission_delay_s,5.0,0.0,5.0,5.0,5.0
P,S2,5,false_isolation_rate,0.0,0.0,0.0,0.0,0.0
P,S2,5,trust_separation,0.5801196915667669,0.04951444271096605,0.5619516474308731,0.5634557977000818,0.5988808241151984
P,S2,5,packets,683.7,26.265422398908864,686.5,674.295,693.07
P,S2,5,update_time_ms,0.46874812145202077,0.07757095930205264,0.4456312673266781,0.44854601861364546,0.49754276250822005
P,S3,5,frequency_rmse_hz,0.18391531410962772,0.0005681668545476514,0.18384637684292834,0.1837135378850919,0.18411201874545938
P,S3,5,voltage_rmse_v,1.0003927550604776,8.389602744816961e-16,1.0003927550604772,1.0003927550604774,1.0003927550604779
P,S3,5,sharing_error,0.04894792294721484,0.00018598720527062345,0.04891656485634553,0.04888679501712744,0.04901608105433268
P,S3,5,safe_trial,1.0,0.0,1.0,1.0,1.0
P,S3,5,attack_induced_rmse_delta_hz,1.824534087677317e-05,0.0002998621597072678,6.14662369824992e-05,-9.168736855908816e-05,0.00012000359955611143
P,S3,5,attack_induced_peak_delta_hz,7.771223233634846e-05,0.0006014654246633606,0.00013585214692926617,-0.00014035502998292074,0.00027068636060898545
P,S3,5,counterfactual_max_freq_difference_hz,0.009373891785564343,0.007325823399540479,0.00907931904551873,0.0069189843521688015,0.011927352579096918
P,S3,5,counterfactual_iafd_hz_s,0.019348555938161042,0.015005123121269018,0.016839507141355264,0.014248899334786003,0.02477999543729735
P,S3,5,detection_delay_s,0.5466666666666671,0.25694938899664105,0.6000000000000005,0.46000000000000035,0.6333333333333336
P,S3,5,readmission_delay_s,0.0,0.0,0.0,0.0,0.0
P,S3,5,false_isolation_rate,0.0,0.0,0.0,0.0,0.0
P,S3,5,trust_separation,0.0,0.0,0.0,0.0,0.0
P,S3,5,packets,597.2333333333333,21.905255759407545,598.5,589.7658333333334,604.8691666666667
P,S3,5,update_time_ms,0.4285708712872617,0.030615512854453398,0.4216019653477536,0.41837280686520983,0.4391935671370303
P,S4,5,frequency_rmse_hz,0.1839098293405538,0.0005069489248280744,0.1837543820161521,0.18374302340239626,0.1840965484264387
P,S4,5,voltage_rmse_v,1.000392755053635,8.476635362336429e-12,1.0003927550594318,1.0003927550507377,1.0003927550564784
P,S4,5,sharing_error,0.048931398809892675,0.00016420385715933483,0.04889931247417955,0.04887482716446968,0.048991069755236226
P,S4,5,safe_trial,1.0,0.0,1.0,1.0,1.0
P,S4,5,attack_induced_rmse_delta_hz,-5.496104885469024e-05,0.00024757869526552466,-5.1691119710609024e-05,-0.00014473576090945562,3.194116219655737e-05
P,S4,5,attack_induced_peak_delta_hz,-6.251962187183654e-05,0.0005539229101503539,-2.249345699922856e-05,-0.0002684920264679577,0.00012795494706268565
P,S4,5,counterfactual_max_freq_difference_hz,0.013068987712088595,0.01078515543779534,0.0103391534632137,0.00955275820645141,0.016919332714457766
P,S4,5,counterfactual_iafd_hz_s,0.026279272617096214,0.02127010821738568,0.021410680795620897,0.01944975012081029,0.03486387477243949
P,S4,5,detection_delay_s,0.0,0.0,0.0,0.0,0.0
P,S4,5,readmission_delay_s,0.0,0.0,0.0,0.0,0.0
P,S4,5,false_isolation_rate,0.0,0.0,0.0,0.0,0.0
P,S4,5,trust_separation,0.0,0.0,0.0,0.0,0.0
P,S4,5,packets,475.1333333333333,20.634309114765102,472.0,468.1975,482.3333333333333
P,S4,5,update_time_ms,0.41610705709527573,0.04026744981225856,0.40966800494997824,0.4043079097937152,0.4306668814597318
P,S4,10,frequency_rmse_hz,0.06164489791675788,0.004659423925789489,0.06074040301206285,0.060069111427981714,0.06328280726010183
P,S4,10,voltage_rmse_v,1.2130163235773268,0.13186351597619453,1.2281527109912487,1.1681443951361004,1.2600063193089102
P,S4,10,sharing_error,0.009274540122346969,0.0017721774565479808,0.0095735298647836,0.008606452833783435,0.009900702551704455
P,S4,10,safe_trial,1.0,0.0,1.0,1.0,1.0
P,S4,10,attack_induced_rmse_delta_hz,-0.00010890879621024286,0.0003812644727183189,-9.451190470476101e-05,-0.000259585359147525,2.274307433364544e-05
P,S4,10,attack_induced_peak_delta_hz,0.0,0.0,0.0,0.0,0.0
P,S4,10,counterfactual_max_freq_difference_hz,0.004965624463499269,0.003078736732394747,0.0041868636275274995,0.003978802682480603,0.006146422620507377
P,S4,10,counterfactual_iafd_hz_s,0.017036190223048014,0.01246425510414182,0.01465644055357555,0.013350588201179313,0.021643810496549187
P,S4,10,detection_delay_s,0.0,0.0,0.0,0.0,0.0
P,S4,10,readmission_delay_s,0.0,0.0,0.0,0.0,0.0
P,S4,10,false_isolation_rate,0.0,0.0,0.0,0.0,0.0
P,S4,10,trust_separation,0.0,0.0,0.0,0.0,0.0
P,S4,10,packets,1144.8666666666666,103.14694350305776,1119.0,1110.5608333333332,1184.6716666666666
P,S4,10,update_time_ms,0.6223811231022782,0.06628428806647661,0.6124238465336831,0.6033195447523501,0.6491589943400511
P,S4,25,frequency_rmse_hz,0.05885656520244996,0.0028017599349356363,0.05908618203225015,0.057823399652687464,0.059824760840941876
P,S4,25,voltage_rmse_v,1.4293922704313393,0.08140528431495145,1.418569960562865,1.4042187488817095,1.4606714295338081
P,S4,25,sharing_error,0.004046062707209963,0.0005132549844822245,0.0040449624582869995,0.0038636629859109895,0.004225455811152376
P,S4,25,safe_trial,1.0,0.0,1.0,1.0,1.0
P,S4,25,attack_induced_rmse_delta_hz,1.033330662230569e-05,9.736092415277601e-05,4.939516296365715e-06,-2.435443971182948e-05,4.287930689636837e-05
P,S4,25,attack_induced_peak_delta_hz,-2.3684757858670006e-16,1.2972676148241317e-15,0.0,-7.105427357601002e-16,0.0
P,S4,25,counterfactual_max_freq_difference_hz,0.0033714546942301108,0.001936490638571314,0.0032152972948579998,0.002747897469703515,0.004134712435474319
P,S4,25,counterfactual_iafd_hz_s,0.012715314432681044,0.008599154645875523,0.01117878858445455,0.009854106818959799,0.015886416487140457
P,S4,25,detection_delay_s,0.0,0.0,0.0,0.0,0.0
P,S4,25,readmission_delay_s,0.0,0.0,0.0,0.0,0.0
P,S4,25,false_isolation_rate,0.0,0.0,0.0,0.0,0.0
P,S4,25,trust_separation,0.0,0.0,0.0,0.0,0.0
P,S4,25,packets,2913.5,166.38607990516184,2891.0,2855.9975,2973.8866666666668
P,S4,25,update_time_ms,1.0592143108903593,0.0575290403907506,1.04127352970314,1.03943992244185,1.0790102220211588
P,S4,50,frequency_rmse_hz,0.058777044635575364,0.00221233131443006,0.0587151450019748,0.057999316280549267,0.059639879838394284
P,S4,50,voltage_rmse_v,1.935285720177141,0.08294948788982538,1.9534339405916605,1.906265240732898,1.9652455628452197
P,S4,50,sharing_error,0.0023155448174878436,0.0002703531714782346,0.0023588148338589,0.0022135166648282563,0.0024044716940461093
P,S4,50,safe_trial,1.0,0.0,1.0,1.0,1.0
P,S4,50,attack_induced_rmse_delta_hz,2.1277665569367154e-05,4.378593608240691e-05,1.876335648501662e-05,6.502064363654057e-06,3.7844295460919835e-05
P,S4,50,attack_induced_peak_delta_hz,1.1842378929335002e-15,3.770627405012536e-15,0.0,0.0,2.842170943040401e-15
P,S4,50,counterfactual_max_freq_difference_hz,0.0025872049048075003,0.0013604967036002892,0.0020606871230164003,0.0021347959049485294,0.0030966513707032443
P,S4,50,counterfactual_iafd_hz_s,0.0099154622833053,0.007117354348837153,0.006685237546543351,0.007553306689738736,0.01261617675912828
P,S4,50,detection_delay_s,0.0,0.0,0.0,0.0,0.0
P,S4,50,readmission_delay_s,0.0,0.0,0.0,0.0,0.0
P,S4,50,false_isolation_rate,0.0,0.0,0.0,0.0,0.0
P,S4,50,trust_separation,0.0,0.0,0.0,0.0,0.0
P,S4,50,packets,5880.6,225.44203322545596,5845.0,5801.2325,5956.989166666666
P,S4,50,update_time_ms,1.870706212210778,0.09527561871213756,1.8547669603956836,1.8391815176563746,1.906236825123125
P,S5,5,frequency_rmse_hz,0.18396602066851978,0.0004891368676293437,0.1838326334538259,0.1837910199314003,0.184153763420557
P,S5,5,voltage_rmse_v,1.0003927550604774,2.2584051416334807e-16,1.0003927550604772,1.0003927550604774,1.0003927550604774
P,S5,5,sharing_error,0.04899882439401435,0.00020650699096557654,0.048942330319569,0.04892934810467942,0.04907606598060382
P,S5,5,safe_trial,1.0,0.0,1.0,1.0,1.0
P,S5,5,attack_induced_rmse_delta_hz,1.2302791112718246e-06,0.00024140429150567455,-8.456866328443446e-06,-8.783048277492115e-05,8.308057581947965e-05
P,S5,5,attack_induced_peak_delta_hz,-9.014873877811394e-05,0.0004132384934068008,-0.00014669136088940002,-0.0002356931007443189,5.988539343959377e-05
P,S5,5,counterfactual_max_freq_difference_hz,0.007669150459858968,0.00471327317740131,0.0067518339334532995,0.006057953037601996,0.009455758964596061
P,S5,5,counterfactual_iafd_hz_s,0.014414964864047352,0.009001306467061434,0.0124045086222732,0.011142921983592527,0.017536360666825148
P,S5,5,detection_delay_s,0.546666666666667,0.2569493889966409,0.6000000000000005,0.4666666666666668,0.6400000000000002
P,S5,5,readmission_delay_s,6.0,0.0,6.0,6.0,6.0
P,S5,5,false_isolation_rate,0.0,0.0,0.0,0.0,0.0
P,S5,5,trust_separation,0.6850576084505402,0.014493432551688355,0.68550962629038,0.6799669557905609,0.6902685684833338
P,S5,5,packets,641.3333333333334,29.34730597203246,639.5,631.63,652.2016666666667
P,S5,5,update_time_ms,0.4233958059406481,0.018211925027580417,0.41992389109248385,0.4173231099092629,0.4296401810229484
P,S6,5,frequency_rmse_hz,0.17282241015810765,0.002019561343226401,0.1726894632721241,0.17215620697013403,0.1735312190943988
P,S6,5,voltage_rmse_v,1.0003927550604774,2.2584051416334807e-16,1.0003927550604772,1.0003927550604774,1.0003927550604774
P,S6,5,sharing_error,0.04949111409933958,0.0002099123297195804,0.0494413081493784,0.049418674745243404,0.049565226141153614
P,S6,5,safe_trial,1.0,0.0,1.0,1.0,1.0
P,S6,5,attack_induced_rmse_delta_hz,0.0002095367500012211,0.0002472354350210393,0.00026442265984645,0.00011992926704908553,0.0002942997784159721
P,S6,5,attack_induced_peak_delta_hz,-0.00032586346998896086,0.0007060598190359248,-0.00025598404013035,-0.000575289157889023,-8.311645964192812e-05
P,S6,5,counterfactual_max_freq_difference_hz,0.014507420046383803,0.008310975018891345,0.01385142692588555,0.011651133100870016,0.017625720289334925
P,S6,5,counterfactual_iafd_hz_s,0.03439222204554598,0.020804386547102045,0.038333194228091796,0.02723716919728393,0.04159294252858237
P,S6,5,detection_delay_s,16.0,0.0,16.0,16.0,16.0
P,S6,5,readmission_delay_s,0.0,0.0,0.0,0.0,0.0
P,S6,5,false_isolation_rate,0.0,0.0,0.0,0.0,0.0
P,S6,5,trust_separation,0.0,0.0,0.0,0.0,0.0
P,S6,5,packets,615.0666666666667,25.3294612890879,611.0,606.9333333333333,623.7341666666666
P,S6,5,update_time_ms,0.4476485250827987,0.04069290262035967,0.4364408069313237,0.43548871905965786,0.4635730186228042
P,S7,5,frequency_rmse_hz,0.5403193603817683,0.002347996557617704,0.5396838668889432,0.5395489739494941,0.5412078741860286
P,S7,5,voltage_rmse_v,1.0003927550604774,2.2584051416334807e-16,1.0003927550604772,1.0003927550604774,1.0003927550604774
P,S7,5,sharing_error,0.07360292743578448,0.0012522008610389211,0.07381788711553211,0.07311819074571313,0.07400836615663205
P,S7,5,safe_trial,0.0,0.0,0.0,0.0,0.0
P,S7,5,attack_induced_rmse_delta_hz,0.36770648697366165,0.0033976001012000698,0.36719456269461764,0.36653988726179665,0.3688998130103991
P,S7,5,attack_induced_peak_delta_hz,0.1856617315858701,0.0010082273022443934,0.18564388968599485,0.18532405299940083,0.1860220501468946
P,S7,5,counterfactual_max_freq_difference_hz,1.3784594455227268,0.019512317537379628,1.3778614051192086,1.3714872915817826,1.3853005522082775
P,S7,5,counterfactual_iafd_hz_s,4.781276442489116,0.13917318181303895,4.759184559062737,4.735191801892366,4.83282039002817
P,S7,5,detection_delay_s,10.366666666666667,6.552090128918502,16.0,7.766666666666667,12.533333333333333
P,S7,5,readmission_delay_s,0.0,0.0,0.0,0.0,0.0
P,S7,5,false_isolation_rate,0.0,0.0,0.0,0.0,0.0
P,S7,5,trust_separation,0.005084719835404811,0.010470491162158084,0.0,0.002102993281100584,0.009013989235637449
P,S7,5,packets,1266.3,25.393659268299295,1263.0,1258.2316666666668,1275.4025000000001
P,S7,5,update_time_ms,0.46112866963676574,0.04116798724587788,0.4498596336649672,0.44833551984325154,0.47767617767335535
P,S7,10,frequency_rmse_hz,0.1748041344809608,0.010859872122174909,0.17339824366967083,0.17139435354070254,0.1785083509106775
P,S7,10,voltage_rmse_v,1.2130163235782694,0.13186351597659712,1.2281527109920463,1.16600320712988,1.2597177200148566
P,S7,10,sharing_error,0.011985876691849659,0.002100384853356468,0.01196696952776325,0.011306849859413569,0.012748539934262596
P,S7,10,safe_trial,1.0,0.0,1.0,1.0,1.0
P,S7,10,attack_induced_rmse_delta_hz,0.11603568891261914,0.008687027175809992,0.11455159169070339,0.11304440002818623,0.11887372389193848
P,S7,10,attack_induced_peak_delta_hz,0.07194625812473605,0.00827493845510686,0.07071882554265935,0.06920621060470858,0.07498606668306633
P,S7,10,counterfactual_max_freq_difference_hz,0.31749952266710885,0.0160612866831542,0.31897470904151604,0.311761791775448,0.3227905630011686
P,S7,10,counterfactual_iafd_hz_s,1.8783628288531515,0.10563834945847275,1.8798346946662046,1.8390096204619033,1.9138466416991027
P,S7,10,detection_delay_s,13.833333333333334,4.9276372832628725,16.0,12.1,15.566666666666666
P,S7,10,readmission_delay_s,0.0,0.0,0.0,0.0,0.0
P,S7,10,false_isolation_rate,0.0,0.0,0.0,0.0,0.0
P,S7,10,trust_separation,0.00043182686813043246,0.002204456534350892,0.0,3.823810626850481e-06,0.0012576744851827309
P,S7,10,packets,3090.866666666667,71.40063427388193,3110.0,3066.0308333333332,3114.045833333333
P,S7,10,update_time_ms,0.6820561386138981,0.043555465339706605,0.6800483465352467,0.6670608036390699,0.6981557072772344
P,S7,25,frequency_rmse_hz,0.08137804206698772,0.03367830768771277,0.0598218365614822,0.07016628991071971,0.09371908859159253
P,S7,25,voltage_rmse_v,1.4293922704309836,0.08140528431488195,1.4185699605627873,1.4017636942912528,1.4571288712748687
P,S7,25,sharing_error,0.005717671849452091,0.002141200539519916,0.0046510050856697505,0.004988699371366472,0.00651772382902606
P,S7,25,safe_trial,1.0,0.0,1.0,1.0,1.0
P,S7,25,attack_induced_rmse_delta_hz,0.02464731997533827,0.0330470652941199,0.0010945569937022,0.013368257782275331,0.03589566113118946
P,S7,25,attack_induced_peak_delta_hz,-7.105427357601002e-16,2.8604880237740017e-15,0.0,-1.6579330501069005e-15,2.3684757858670006e-16
P,S7,25,counterfactual_max_freq_difference_hz,0.09702499011356519,0.10436991197772094,0.023638184863671002,0.0603896178728366,0.13596630319361075
P,S7,25,counterfactual_iafd_hz_s,0.5196056907557917,0.562094823501883,0.1207968413591114,0.32573083767600475,0.7174359009278367
P,S7,25,detection_delay_s,15.113333333333333,2.7820524962613526,16.0,13.932666666666666,16.0
P,S7,25,readmission_delay_s,0.3333333333333333,1.2685406585123122,0.0,0.0,0.8333333333333334
P,S7,25,false_isolation_rate,0.00033973985633857333,0.001860831830002011,0.0,0.0,0.00101921956901572
P,S7,25,trust_separation,0.00495684428895615,0.023954167728443217,0.0,0.0,0.014286852548874754
P,S7,25,packets,5332.0,1517.326891790864,4485.5,4852.5225,5893.87
P,S7,25,update_time_ms,1.1983706537956353,0.08576163737838534,1.1756432376238657,1.1713648714442941,1.2294260073020151
P,S7,50,frequency_rmse_hz,0.05949361719909961,0.005833360533600547,0.05787590703696435,0.05749891072198137,0.06174881491809847
P,S7,50,voltage_rmse_v,1.9352857201773626,0.08294948788975344,1.9534339405918493,1.9040443151543016,1.9639591634896993
P,S7,50,sharing_error,0.00256644826104587,0.0007208969449137389,0.0023649367646518,0.0023170263614250355,0.0028370985598299837
P,S7,50,safe_trial,1.0,0.0,1.0,1.0,1.0
P,S7,50,attack_induced_rmse_delta_hz,0.0021555214129744316,0.005100927700362797,9.85191096935789e-05,0.0006619726432851337,0.004157139457308579
P,S7,50,attack_induced_peak_delta_hz,-4.500103993147301e-15,7.10134260454275e-15,0.0,-7.105427357601002e-15,-2.1316282072803005e-15
P,S7,50,counterfactual_max_freq_difference_hz,0.02033650783708646,0.029168905614805053,0.008085062851932851,0.010762023672610267,0.030769821433073857
P,S7,50,counterfactual_iafd_hz_s,0.11243668828613558,0.1693222396730002,0.0415222233622767,0.059960926577830906,0.17731787629539025
P,S7,50,detection_delay_s,15.226666666666665,2.4061606753087577,16.0,14.246666666666668,16.0
P,S7,50,readmission_delay_s,0.16666666666666666,0.9128709291752769,0.0,0.0,0.5
P,S7,50,false_isolation_rate,0.00011208668036614333,0.0004512362039265025,0.0,0.0,0.0002988978143097167
P,S7,50,trust_separation,0.00285382800689112,0.01589582733931638,0.0,-0.0001742008393542,0.00873568486002756
P,S7,50,packets,8241.033333333333,894.2624193784752,7925.0,7960.516666666666,8592.838333333333
P,S7,50,update_time_ms,2.109030151815045,0.09939477012876012,2.1160726980184283,2.0730690551643383,2.146212710710186
